{"value_los": [{"test/cal/ECE": 0.2797542214393616, "test/cal/aECE": 0.2788669466972351, "test/cls/Acc": 0.6327933073043823, "test/cls/Brier": 0.621531069278717, "test/cls/NLL": 1.5723315477371216, "test/sc/AUGRC": 0.1622912883758545, "test/sc/AURC": 0.29517388343811035, "test/sc/Cov@5Risk": NaN, "test/sc/Risk@80Cov": 0.33619633316993713, "test/cls/Entropy": 0.20473209023475647, "test/ens_Disagreement": NaN, "test/ens_Entropy": 0.20473209023475647, "test/ens_MI": 0.0}], "value_icu": [{"test/cal/ECE": 0.047676995396614075, "test/cal/aECE": 0.046562857925891876, "test/cls/Acc": 0.9484536051750183, "test/cls/Brier": 0.09932340681552887, "test/cls/NLL": 0.7288138270378113, "test/sc/AUGRC": 0.021267283707857132, "test/sc/AURC": 0.04194297268986702, "test/sc/Cov@5Risk": 0.9970545172691345, "test/sc/Risk@80Cov": 0.042944785207509995, "test/cls/Entropy": 0.014133761636912823, "test/ens_Disagreement": NaN, "test/ens_Entropy": 0.10943290591239929, "test/ens_MI": 0.0}], "value_hypoglycemia": [{"test/cal/ECE": 0.019932478666305542, "test/cal/aECE": 0.022726252675056458, "test/cls/Acc": 0.985913097858429, "test/cls/Brier": 0.034416165202856064, "test/cls/NLL": 0.15317408740520477, "test/sc/AUGRC": 0.007062951102852821, "test/sc/AURC": 0.014090328477323055, "test/sc/Cov@5Risk": 1.0, "test/sc/Risk@80Cov": 0.014445381239056587, "test/cls/Entropy": 0.040355339646339417, "test/ens_Disagreement": NaN, "test/ens_Entropy": 0.040355339646339417, "test/ens_MI": 0.0}], "value_hyperkalemia": [{"test/cal/ECE": 0.02464882843196392, "test/cal/aECE": 0.02836257591843605, "test/cls/Acc": 0.9802826046943665, "test/cls/Brier": 0.04590674862265587, "test/cls/NLL": 0.16917784512043, "test/sc/AUGRC": 0.009488583542406559, "test/sc/AURC": 0.01869024708867073, "test/sc/Cov@5Risk": 1.0, "test/sc/Risk@80Cov": 0.01924293488264084, "test/cls/Entropy": 0.05955427139997482, "test/ens_Disagreement": NaN, "test/ens_Entropy": 0.04995480552315712, "test/ens_MI": 0.0}], "value_hyponatremia": [{"test/cal/ECE": 0.2229824662208557, "test/cal/aECE": 0.2207830250263214, "test/cls/Acc": 0.7227119207382202, "test/cls/Brier": 0.5001493692398071, "test/cls/NLL": 0.6944706439971924, "test/sc/AUGRC": 0.1427026242017746, "test/sc/AURC": 0.287883460521698, "test/sc/Cov@5Risk": NaN, "test/sc/Risk@80Cov": 0.27999788522720337, "test/cls/Entropy": 0.6913471221923828, "test/ens_Disagreement": NaN, "test/ens_Entropy": 0.26375332474708557, "test/ens_MI": 0.0}], "value_anemia": [{"test/cal/ECE": 0.22363914549350739, "test/cal/aECE": 0.22248658537864685, "test/cls/Acc": 0.6371995210647583, "test/cls/Brier": 0.5648815035820007, "test/cls/NLL": 1.1547760963439941, "test/sc/AUGRC": 0.16489294171333313, "test/sc/AURC": 0.3266163468360901, "test/sc/Cov@5Risk": NaN, "test/sc/Risk@80Cov": 0.3286060690879822, "test/cls/Entropy": 0.30301740765571594, "test/ens_Disagreement": NaN, "test/ens_Entropy": 0.2735694348812103, "test/ens_MI": 0.0}], "value_thrombocytopenia": [{"test/cal/ECE": 0.28556016087532043, "test/cal/aECE": 0.2823905050754547, "test/cls/Acc": 0.5587304830551147, "test/cls/Brier": 0.679652750492096, "test/cls/NLL": 1.309890866279602, "test/sc/AUGRC": 0.21661809086799622, "test/sc/AURC": 0.42418116331100464, "test/sc/Cov@5Risk": NaN, "test/sc/Risk@80Cov": 0.44366827607154846, "test/cls/Entropy": 0.3685411810874939, "test/ens_Disagreement": NaN, "test/ens_Entropy": 0.29256391525268555, "test/ens_MI": 0.0}], "value_new_hypertension": [{"test/cal/ECE": 0.12134988605976105, "test/cal/aECE": 0.12051944434642792, "test/cls/Acc": 0.8452787399291992, "test/cls/Brier": 0.2777969241142273, "test/cls/NLL": 0.9824045300483704, "test/sc/AUGRC": 0.06153709441423416, "test/sc/AURC": 0.11701394617557526, "test/sc/Cov@5Risk": NaN, "test/sc/Risk@80Cov": 0.12357954680919647, "test/cls/Entropy": 0.08668775111436844, "test/ens_Disagreement": NaN, "test/ens_Entropy": 0.08668775111436844, "test/ens_MI": 0.0}], "value_new_hyperlipidemia": [{"test/cal/ECE": 0.1151108592748642, "test/cal/aECE": 0.11465926468372345, "test/cls/Acc": 0.8634812235832214, "test/cls/Brier": 0.25032997131347656, "test/cls/NLL": 1.0269222259521484, "test/sc/AUGRC": 0.04923926666378975, "test/sc/AURC": 0.09213369339704514, "test/sc/Cov@5Risk": NaN, "test/sc/Risk@80Cov": 0.10511363297700882, "test/cls/Entropy": 0.0550052747130394, "test/ens_Disagreement": NaN, "test/ens_Entropy": 0.07084652036428452, "test/ens_MI": 0.0}], "value_new_acutemi": [{"test/cal/ECE": 0.02989482320845127, "test/cal/aECE": 0.02579750493168831, "test/cls/Acc": 0.9658703207969666, "test/cls/Brier": 0.0636075809597969, "test/cls/NLL": 0.33064529299736023, "test/sc/AUGRC": 0.011109641753137112, "test/sc/AURC": 0.01762496680021286, "test/sc/Cov@5Risk": 1.0, "test/sc/Risk@80Cov": 0.022727273404598236, "test/cls/Entropy": 0.021455930545926094, "test/ens_Disagreement": NaN, "test/ens_Entropy": 0.05438299477100372, "test/ens_MI": 0.0}]}