{"value_los": [{"test/cal/ECE": 0.2381071150302887, "test/cal/aECE": 0.23810651898384094, "test/cls/Acc": 0.6519391536712646, "test/cls/Brier": 0.5703102946281433, "test/cls/NLL": 1.3140106201171875, "test/sc/AUGRC": 0.15261314809322357, "test/sc/AURC": 0.2820078432559967, "test/sc/Cov@5Risk": NaN, "test/sc/Risk@80Cov": 0.3239263892173767, "test/cls/Entropy": 0.24592433869838715, "test/ens_Disagreement": 0.1155620813369751, "test/ens_Entropy": 0.1852044314146042, "test/ens_MI": 0.060719914734363556}], "value_icu": [{"test/cal/ECE": 0.04553339257836342, "test/cal/aECE": 0.04180210828781128, "test/cls/Acc": 0.9494354724884033, "test/cls/Brier": 0.09691023081541061, "test/cls/NLL": 0.6398623585700989, "test/sc/AUGRC": 0.020804576575756073, "test/sc/AURC": 0.038374852389097214, "test/sc/Cov@5Risk": 0.9955817461013794, "test/sc/Risk@80Cov": 0.04233128949999809, "test/cls/Entropy": 0.022151591256260872, "test/ens_Disagreement": 0.06308295577764511, "test/ens_Entropy": 0.10008507966995239, "test/ens_MI": 0.033952876925468445}], "value_hypoglycemia": [{"test/cal/ECE": 0.02311030402779579, "test/cal/aECE": 0.029980652034282684, "test/cls/Acc": 0.9857655167579651, "test/cls/Brier": 0.036872103810310364, "test/cls/NLL": 0.12928956747055054, "test/sc/AUGRC": 0.007330846041440964, "test/sc/AURC": 0.014770940877497196, "test/sc/Cov@5Risk": 1.0, "test/sc/Risk@80Cov": 0.01441902108490467, "test/cls/Entropy": 0.08100946247577667, "test/ens_Disagreement": 0.001442430540919304, "test/ens_Entropy": 0.06899530440568924, "test/ens_MI": 0.012014161795377731}], "value_hyperkalemia": [{"test/cal/ECE": 0.027246855199337006, "test/cal/aECE": 0.0325431153178215, "test/cls/Acc": 0.9801982045173645, "test/cls/Brier": 0.0474027656018734, "test/cls/NLL": 0.1490417867898941, "test/sc/AUGRC": 0.009431290440261364, "test/sc/AURC": 0.017817087471485138, "test/sc/Cov@5Risk": 1.0, "test/sc/Risk@80Cov": 0.01892661303281784, "test/cls/Entropy": 0.09298811852931976, "test/ens_Disagreement": 0.0017081396654248238, "test/ens_Entropy": 0.07454022765159607, "test/ens_MI": 0.012458574958145618}], "value_hyponatremia": [{"test/cal/ECE": 0.21186864376068115, "test/cal/aECE": 0.20671863853931427, "test/cls/Acc": 0.7200548052787781, "test/cls/Brier": 0.4959318935871124, "test/cls/NLL": 0.6929115653038025, "test/sc/AUGRC": 0.14503830671310425, "test/sc/AURC": 0.29482588171958923, "test/sc/Cov@5Risk": NaN, "test/sc/Risk@80Cov": 0.2847954332828522, "test/cls/Entropy": 0.6836807131767273, "test/ens_Disagreement": 0.002357648918405175, "test/ens_Entropy": 0.275789350271225, "test/ens_MI": 0.010103626176714897}], "value_anemia": [{"test/cal/ECE": 0.17668764293193817, "test/cal/aECE": 0.1756923496723175, "test/cls/Acc": 0.6587726473808289, "test/cls/Brier": 0.5242210030555725, "test/cls/NLL": 0.9476438164710999, "test/sc/AUGRC": 0.15784704685211182, "test/sc/AURC": 0.30905598402023315, "test/sc/Cov@5Risk": NaN, "test/sc/Risk@80Cov": 0.3179301917552948, "test/cls/Entropy": 0.3686155676841736, "test/ens_Disagreement": 0.027050822973251343, "test/ens_Entropy": 0.29083457589149475, "test/ens_MI": 0.015738926827907562}], "value_thrombocytopenia": [{"test/cal/ECE": 0.23790130019187927, "test/cal/aECE": 0.23655489087104797, "test/cls/Acc": 0.5495571494102478, "test/cls/Brier": 0.6385957598686218, "test/cls/NLL": 1.0852937698364258, "test/sc/AUGRC": 0.21909141540527344, "test/sc/AURC": 0.4290870428085327, "test/sc/Cov@5Risk": NaN, "test/sc/Risk@80Cov": 0.4450390040874481, "test/cls/Entropy": 0.44301706552505493, "test/ens_Disagreement": 0.05557914078235626, "test/ens_Entropy": 0.3067391514778137, "test/ens_MI": 0.027122862637043}], "value_new_hypertension": [{"test/cal/ECE": 0.10749608278274536, "test/cal/aECE": 0.10193325579166412, "test/cls/Acc": 0.8577929735183716, "test/cls/Brier": 0.2601112723350525, "test/cls/NLL": 0.8215369582176208, "test/sc/AUGRC": 0.05706097558140755, "test/sc/AURC": 0.10340164601802826, "test/sc/Cov@5Risk": NaN, "test/sc/Risk@80Cov": 0.11647727340459824, "test/cls/Entropy": 0.10826744139194489, "test/ens_Disagreement": 0.042548347264528275, "test/ens_Entropy": 0.08403483778238297, "test/ens_MI": 0.024232598021626472}], "value_new_hyperlipidemia": [{"test/cal/ECE": 0.10232564061880112, "test/cal/aECE": 0.09442266076803207, "test/cls/Acc": 0.8794084191322327, "test/cls/Brier": 0.22834622859954834, "test/cls/NLL": 0.9219921827316284, "test/sc/AUGRC": 0.048657480627298355, "test/sc/AURC": 0.09400671720504761, "test/sc/Cov@5Risk": NaN, "test/sc/Risk@80Cov": 0.10085227340459824, "test/cls/Entropy": 0.06642147898674011, "test/ens_Disagreement": 0.03185437619686127, "test/ens_Entropy": 0.06850898265838623, "test/ens_MI": 0.01883547566831112}], "value_new_acutemi": [{"test/cal/ECE": 0.029171455651521683, "test/cal/aECE": 0.028902223333716393, "test/cls/Acc": 0.9601820111274719, "test/cls/Brier": 0.0674813836812973, "test/cls/NLL": 0.34047237038612366, "test/sc/AUGRC": 0.012130032293498516, "test/sc/AURC": 0.021379806101322174, "test/sc/Cov@5Risk": 1.0, "test/sc/Risk@80Cov": 0.024147726595401764, "test/cls/Entropy": 0.028901517391204834, "test/ens_Disagreement": 0.02518012747168541, "test/ens_Entropy": 0.05290417745709419, "test/ens_MI": 0.014959297142922878}]}