{"value_los": [{"test/cal/ECE": 0.2231810837984085, "test/cal/aECE": 0.22647373378276825, "test/cls/Acc": 0.6779577732086182, "test/cls/Brier": 0.5415990948677063, "test/cls/NLL": 1.3655524253845215, "test/sc/AUGRC": 0.14114326238632202, "test/sc/AURC": 0.2563273310661316, "test/sc/Cov@5Risk": NaN, "test/sc/Risk@80Cov": 0.29754599928855896, "test/cls/Entropy": 0.2256237417459488, "test/ens_Disagreement": 0.10633284598588943, "test/ens_Entropy": 0.17572623491287231, "test/ens_MI": 0.049897484481334686}], "value_icu": [{"test/cal/ECE": 0.0499945804476738, "test/cal/aECE": 0.04241403192281723, "test/cls/Acc": 0.9410898089408875, "test/cls/Brier": 0.11078277230262756, "test/cls/NLL": 0.44317373633384705, "test/sc/AUGRC": 0.020989635959267616, "test/sc/AURC": 0.040998052805662155, "test/sc/Cov@5Risk": NaN, "test/sc/Risk@80Cov": 0.042944785207509995, "test/cls/Entropy": 0.045735061168670654, "test/ens_Disagreement": 0.013254786841571331, "test/ens_Entropy": 0.03805826976895332, "test/ens_MI": 0.0076767937280237675}], "value_hypoglycemia": [{"test/cal/ECE": 0.4858419597148895, "test/cal/aECE": 0.48493897914886475, "test/cls/Acc": 0.9850906729698181, "test/cls/Brier": 0.5004003047943115, "test/cls/NLL": 0.6937798261642456, "test/sc/AUGRC": 0.008004995994269848, "test/sc/AURC": 0.021964089944958687, "test/sc/Cov@5Risk": NaN, "test/sc/Risk@80Cov": 0.014577182941138744, "test/cls/Entropy": 0.6930299401283264, "test/ens_Disagreement": 0.000341627950547263, "test/ens_Entropy": 0.6930171847343445, "test/ens_MI": 0.000341627950547263}], "value_hyperkalemia": [{"test/cal/ECE": 0.48064079880714417, "test/cal/aECE": 0.4801294803619385, "test/cls/Acc": 0.9801982045173645, "test/cls/Brier": 0.5001657009124756, "test/cls/NLL": 0.6933460235595703, "test/sc/AUGRC": 0.009920802898705006, "test/sc/AURC": 0.022514458745718002, "test/sc/Cov@5Risk": NaN, "test/sc/Risk@80Cov": 0.019058413803577423, "test/cls/Entropy": 0.6931114196777344, "test/ens_Disagreement": 0.0002572753874119371, "test/ens_Entropy": 0.6931020617485046, "test/ens_MI": 0.0002572753874119371}], "value_hyponatremia": [{"test/cal/ECE": 0.23989444971084595, "test/cal/aECE": 0.2399713099002838, "test/cls/Acc": 0.5882328152656555, "test/cls/Brier": 0.6178017258644104, "test/cls/NLL": 1.1984076499938965, "test/sc/AUGRC": 0.19273293018341064, "test/sc/AURC": 0.3687771260738373, "test/sc/Cov@5Risk": NaN, "test/sc/Risk@80Cov": 0.3991459310054779, "test/cls/Entropy": 0.37088242173194885, "test/ens_Disagreement": 0.16532261669635773, "test/ens_Entropy": 0.28683263063430786, "test/ens_MI": 0.08404982835054398}], "value_anemia": [{"test/cal/ECE": 0.2745492458343506, "test/cal/aECE": 0.2745448350906372, "test/cls/Acc": 0.5594896674156189, "test/cls/Brier": 0.6700500845909119, "test/cls/NLL": 1.3312348127365112, "test/sc/AUGRC": 0.20944319665431976, "test/sc/AURC": 0.40556129813194275, "test/sc/Cov@5Risk": NaN, "test/sc/Risk@80Cov": 0.4286957085132599, "test/cls/Entropy": 0.3539249897003174, "test/ens_Disagreement": 0.17707732319831848, "test/ens_Entropy": 0.25358709692955017, "test/ens_MI": 0.10033775866031647}], "value_thrombocytopenia": [{"test/cal/ECE": 0.2750011384487152, "test/cal/aECE": 0.27369335293769836, "test/cls/Acc": 0.5680092573165894, "test/cls/Brier": 0.6673352122306824, "test/cls/NLL": 1.4019578695297241, "test/sc/AUGRC": 0.2059171348810196, "test/sc/AURC": 0.40020063519477844, "test/sc/Cov@5Risk": NaN, "test/sc/Risk@80Cov": 0.4217893183231354, "test/cls/Entropy": 0.34055787324905396, "test/ens_Disagreement": 0.1574103683233261, "test/ens_Entropy": 0.25345149636268616, "test/ens_MI": 0.08710644394159317}], "value_new_hypertension": [{"test/cal/ECE": 0.11805190145969391, "test/cal/aECE": 0.11007333546876907, "test/cls/Acc": 0.8509669899940491, "test/cls/Brier": 0.27558633685112, "test/cls/NLL": 0.7987423539161682, "test/sc/AUGRC": 0.061966631561517715, "test/sc/AURC": 0.1114925667643547, "test/sc/Cov@5Risk": NaN, "test/sc/Risk@80Cov": 0.12784090638160706, "test/cls/Entropy": 0.1269235461950302, "test/ens_Disagreement": 0.03526734933257103, "test/ens_Entropy": 0.1110868826508522, "test/ens_MI": 0.01583666168153286}], "value_new_hyperlipidemia": [{"test/cal/ECE": 0.10513981431722641, "test/cal/aECE": 0.09668754786252975, "test/cls/Acc": 0.8577929735183716, "test/cls/Brier": 0.24534963071346283, "test/cls/NLL": 0.7003615498542786, "test/sc/AUGRC": 0.04916087165474892, "test/sc/AURC": 0.10251957923173904, "test/sc/Cov@5Risk": NaN, "test/sc/Risk@80Cov": 0.09375, "test/cls/Entropy": 0.11225134134292603, "test/ens_Disagreement": 0.03048919327557087, "test/ens_Entropy": 0.09841947257518768, "test/ens_MI": 0.01383186411112547}], "value_new_acutemi": [{"test/cal/ECE": 0.03392175957560539, "test/cal/aECE": 0.0267789326608181, "test/cls/Acc": 0.9488054513931274, "test/cls/Brier": 0.09000879526138306, "test/cls/NLL": 0.2308156043291092, "test/sc/AUGRC": 0.011640244163572788, "test/sc/AURC": 0.01863737218081951, "test/sc/Cov@5Risk": 0.997724711894989, "test/sc/Risk@80Cov": 0.024147726595401764, "test/cls/Entropy": 0.07080072164535522, "test/ens_Disagreement": 0.014789532870054245, "test/ens_Entropy": 0.06392800062894821, "test/ens_MI": 0.006872726604342461}]}