{"value_los": [{"test/cal/ECE": 0.2575499713420868, "test/cal/aECE": 0.2575490474700928, "test/cls/Acc": 0.6686303615570068, "test/cls/Brier": 0.5645043849945068, "test/cls/NLL": 1.5252737998962402, "test/sc/AUGRC": 0.13935041427612305, "test/sc/AURC": 0.25735560059547424, "test/sc/Cov@5Risk": NaN, "test/sc/Risk@80Cov": 0.29202455282211304, "test/cls/Entropy": 0.17401139438152313, "test/ens_Disagreement": NaN, "test/ens_Entropy": 0.17401139438152313, "test/ens_MI": 0.0}], "value_icu": [{"test/cal/ECE": 0.05300044268369675, "test/cal/aECE": 0.052696965634822845, "test/cls/Acc": 0.9170348644256592, "test/cls/Brier": 0.1388426423072815, "test/cls/NLL": 0.4265942871570587, "test/sc/AUGRC": 0.023714639246463776, "test/sc/AURC": 0.046523164957761765, "test/sc/Cov@5Risk": 0.8664703369140625, "test/sc/Risk@80Cov": 0.0441717803478241, "test/cls/Entropy": 0.07404477149248123, "test/ens_Disagreement": NaN, "test/ens_Entropy": 0.07404477149248123, "test/ens_MI": 0.0}], "value_hypoglycemia": [{"test/cal/ECE": 0.48612767457962036, "test/cal/aECE": 0.4857371151447296, "test/cls/Acc": 0.9858076572418213, "test/cls/Brier": 0.5001905560493469, "test/cls/NLL": 0.6934739351272583, "test/sc/AUGRC": 0.0072923507541418076, "test/sc/AURC": 0.01676371693611145, "test/sc/Cov@5Risk": NaN, "test/sc/Risk@80Cov": 0.013680936768651009, "test/cls/Entropy": 0.693086564540863, "test/ens_Disagreement": NaN, "test/ens_Entropy": 0.693086564540863, "test/ens_MI": 0.0}], "value_hyperkalemia": [{"test/cal/ECE": 0.4808821380138397, "test/cal/aECE": 0.47963470220565796, "test/cls/Acc": 0.9798608422279358, "test/cls/Brier": 0.5005603432655334, "test/cls/NLL": 0.6939103007316589, "test/sc/AUGRC": 0.010251736268401146, "test/sc/AURC": 0.024823671206831932, "test/sc/Cov@5Risk": NaN, "test/sc/Risk@80Cov": 0.01945381611585617, "test/cls/Entropy": 0.6929826736450195, "test/ens_Disagreement": NaN, "test/ens_Entropy": 0.6929826736450195, "test/ens_MI": 0.0}], "value_hyponatremia": [{"test/cal/ECE": 0.2726876139640808, "test/cal/aECE": 0.27059221267700195, "test/cls/Acc": 0.6091522574424744, "test/cls/Brier": 0.6345344185829163, "test/cls/NLL": 1.4091790914535522, "test/sc/AUGRC": 0.1851089596748352, "test/sc/AURC": 0.35147812962532043, "test/sc/Cov@5Risk": NaN, "test/sc/Risk@80Cov": 0.3874419927597046, "test/cls/Entropy": 0.3063524663448334, "test/ens_Disagreement": NaN, "test/ens_Entropy": 0.3063524663448334, "test/ens_MI": 0.0}], "value_anemia": [{"test/cal/ECE": 0.3162359893321991, "test/cal/aECE": 0.31622326374053955, "test/cls/Acc": 0.5734711289405823, "test/cls/Brier": 0.7079351544380188, "test/cls/NLL": 1.6923682689666748, "test/sc/AUGRC": 0.19952760636806488, "test/sc/AURC": 0.3819811940193176, "test/sc/Cov@5Risk": NaN, "test/sc/Risk@80Cov": 0.4114561378955841, "test/cls/Entropy": 0.24727044999599457, "test/ens_Disagreement": NaN, "test/ens_Entropy": 0.24727044999599457, "test/ens_MI": 0.0}], "value_thrombocytopenia": [{"test/cal/ECE": 0.321271151304245, "test/cal/aECE": 0.321050226688385, "test/cls/Acc": 0.5699704885482788, "test/cls/Brier": 0.7212293148040771, "test/cls/NLL": 1.7920506000518799, "test/sc/AUGRC": 0.20769457519054413, "test/sc/AURC": 0.4031449854373932, "test/sc/Cov@5Risk": NaN, "test/sc/Risk@80Cov": 0.4248998165130615, "test/cls/Entropy": 0.2579648196697235, "test/ens_Disagreement": NaN, "test/ens_Entropy": 0.2579648196697235, "test/ens_MI": 0.0}], "value_new_hypertension": [{"test/cal/ECE": 0.11494375765323639, "test/cal/aECE": 0.11337132751941681, "test/cls/Acc": 0.8464163541793823, "test/cls/Brier": 0.2762640416622162, "test/cls/NLL": 0.8391852378845215, "test/sc/AUGRC": 0.060184989124536514, "test/sc/AURC": 0.10764740407466888, "test/sc/Cov@5Risk": NaN, "test/sc/Risk@80Cov": 0.12642045319080353, "test/cls/Entropy": 0.09922380745410919, "test/ens_Disagreement": NaN, "test/ens_Entropy": 0.09922380745410919, "test/ens_MI": 0.0}], "value_new_hyperlipidemia": [{"test/cal/ECE": 0.11572067439556122, "test/cal/aECE": 0.11108722537755966, "test/cls/Acc": 0.8657565712928772, "test/cls/Brier": 0.24952487647533417, "test/cls/NLL": 0.8228746652603149, "test/sc/AUGRC": 0.04934098199009895, "test/sc/AURC": 0.1015000194311142, "test/sc/Cov@5Risk": NaN, "test/sc/Risk@80Cov": 0.09801136702299118, "test/cls/Entropy": 0.0865628570318222, "test/ens_Disagreement": NaN, "test/ens_Entropy": 0.0865628570318222, "test/ens_MI": 0.0}], "value_new_acutemi": [{"test/cal/ECE": 0.03152329474687576, "test/cal/aECE": 0.02824423648416996, "test/cls/Acc": 0.9544937610626221, "test/cls/Brier": 0.07690741121768951, "test/cls/NLL": 0.24804970622062683, "test/sc/AUGRC": 0.010538221336901188, "test/sc/AURC": 0.01851464807987213, "test/sc/Cov@5Risk": 1.0, "test/sc/Risk@80Cov": 0.02130681835114956, "test/cls/Entropy": 0.040897585451602936, "test/ens_Disagreement": NaN, "test/ens_Entropy": 0.040897585451602936, "test/ens_MI": 0.0}]}