{"value_los": [{"test/cal/ECE": 0.1889512687921524, "test/cal/aECE": 0.18955114483833313, "test/cls/Acc": 0.6529209613800049, "test/cls/Brier": 0.5257354974746704, "test/cls/NLL": 0.9421423673629761, "test/sc/AUGRC": 0.15059739351272583, "test/sc/AURC": 0.27160143852233887, "test/sc/Cov@5Risk": NaN, "test/sc/Risk@80Cov": 0.3214724063873291, "test/cls/Entropy": 0.3435298800468445, "test/ens_Disagreement": 0.1459990292787552, "test/ens_Entropy": 0.2916348874568939, "test/ens_MI": 0.05189502611756325}], "value_icu": [{"test/cal/ECE": 0.039947621524333954, "test/cal/aECE": 0.038168199360370636, "test/cls/Acc": 0.9523809552192688, "test/cls/Brier": 0.09217631816864014, "test/cls/NLL": 0.39049673080444336, "test/sc/AUGRC": 0.02249433845281601, "test/sc/AURC": 0.047891709953546524, "test/sc/Cov@5Risk": 1.0, "test/sc/Risk@80Cov": 0.0441717803478241, "test/cls/Entropy": 0.041669487953186035, "test/ens_Disagreement": 0.07702503353357315, "test/ens_Entropy": 0.16360682249069214, "test/ens_MI": 0.02899286337196827}], "value_hypoglycemia": [{"test/cal/ECE": 0.010800782591104507, "test/cal/aECE": 0.02033771015703678, "test/cls/Acc": 0.9861239790916443, "test/cls/Brier": 0.03006463311612606, "test/cls/NLL": 0.09473305195569992, "test/sc/AUGRC": 0.007048772647976875, "test/sc/AURC": 0.014467816799879074, "test/sc/Cov@5Risk": 1.0, "test/sc/Risk@80Cov": 0.014023618772625923, "test/cls/Entropy": 0.08091110736131668, "test/ens_Disagreement": 0.0001518346689408645, "test/ens_Entropy": 0.0660601258277893, "test/ens_MI": 0.014850945211946964}], "value_hyperkalemia": [{"test/cal/ECE": 0.01553761400282383, "test/cal/aECE": 0.023383652791380882, "test/cls/Acc": 0.9808098077774048, "test/cls/Brier": 0.040792759507894516, "test/cls/NLL": 0.11972913891077042, "test/sc/AUGRC": 0.009675349108874798, "test/sc/AURC": 0.019636649638414383, "test/sc/Cov@5Risk": 1.0, "test/sc/Risk@80Cov": 0.01945381611585617, "test/cls/Entropy": 0.09295424073934555, "test/ens_Disagreement": 0.00031632205354981124, "test/ens_Entropy": 0.07118115574121475, "test/ens_MI": 0.01575149968266487}], "value_hyponatremia": [{"test/cal/ECE": 0.0787191241979599, "test/cal/aECE": 0.08822121471166611, "test/cls/Acc": 0.5708140134811401, "test/cls/Brier": 0.5020188689231873, "test/cls/NLL": 0.697234570980072, "test/sc/AUGRC": 0.2212533801794052, "test/sc/AURC": 0.4262346625328064, "test/sc/Cov@5Risk": NaN, "test/sc/Risk@80Cov": 0.464835524559021, "test/cls/Entropy": 0.6679872870445251, "test/ens_Disagreement": 0.07174468785524368, "test/ens_Entropy": 0.25720226764678955, "test/ens_MI": 0.023415355011820793}], "value_anemia": [{"test/cal/ECE": 0.17019328474998474, "test/cal/aECE": 0.17006461322307587, "test/cls/Acc": 0.6819485425949097, "test/cls/Brier": 0.5047489404678345, "test/cls/NLL": 0.8144175410270691, "test/sc/AUGRC": 0.15480093657970428, "test/sc/AURC": 0.3100322484970093, "test/sc/Cov@5Risk": NaN, "test/sc/Risk@80Cov": 0.31062841415405273, "test/cls/Entropy": 0.38098645210266113, "test/ens_Disagreement": 0.08878743648529053, "test/ens_Entropy": 0.27535709738731384, "test/ens_MI": 0.030352870002388954}], "value_thrombocytopenia": [{"test/cal/ECE": 0.15859468281269073, "test/cal/aECE": 0.15859460830688477, "test/cls/Acc": 0.5526781678199768, "test/cls/Brier": 0.5605202913284302, "test/cls/NLL": 0.8118431568145752, "test/sc/AUGRC": 0.21235215663909912, "test/sc/AURC": 0.4094715714454651, "test/sc/Cov@5Risk": NaN, "test/sc/Risk@80Cov": 0.4338622987270355, "test/cls/Entropy": 0.549010157585144, "test/ens_Disagreement": 0.14287462830543518, "test/ens_Entropy": 0.29796460270881653, "test/ens_MI": 0.056405358016490936}], "value_new_hypertension": [{"test/cal/ECE": 0.0903271734714508, "test/cal/aECE": 0.07930390536785126, "test/cls/Acc": 0.8486917018890381, "test/cls/Brier": 0.2548564672470093, "test/cls/NLL": 0.5810160636901855, "test/sc/AUGRC": 0.05693658068776131, "test/sc/AURC": 0.10034659504890442, "test/sc/Cov@5Risk": NaN, "test/sc/Risk@80Cov": 0.109375, "test/cls/Entropy": 0.1807268112897873, "test/ens_Disagreement": 0.049146752804517746, "test/ens_Entropy": 0.16036711633205414, "test/ens_MI": 0.020359722897410393}], "value_new_hyperlipidemia": [{"test/cal/ECE": 0.0936228483915329, "test/cal/aECE": 0.0927390307188034, "test/cls/Acc": 0.8577929735183716, "test/cls/Brier": 0.2410324364900589, "test/cls/NLL": 0.6209487915039062, "test/sc/AUGRC": 0.049405768513679504, "test/sc/AURC": 0.09379978477954865, "test/sc/Cov@5Risk": NaN, "test/sc/Risk@80Cov": 0.09943182021379471, "test/cls/Entropy": 0.1254337877035141, "test/ens_Disagreement": 0.042320821434259415, "test/ens_Entropy": 0.1351420134305954, "test/ens_MI": 0.017938297241926193}], "value_new_acutemi": [{"test/cal/ECE": 0.027630088850855827, "test/cal/aECE": 0.02518579736351967, "test/cls/Acc": 0.9670079350471497, "test/cls/Brier": 0.06147605925798416, "test/cls/NLL": 0.18924225866794586, "test/sc/AUGRC": 0.010326367802917957, "test/sc/AURC": 0.015333257615566254, "test/sc/Cov@5Risk": 1.0, "test/sc/Risk@80Cov": 0.022727273404598236, "test/cls/Entropy": 0.05252230539917946, "test/ens_Disagreement": 0.03139931708574295, "test/ens_Entropy": 0.10601815581321716, "test/ens_MI": 0.013542828150093555}]}