{"value_los": [{"test/cal/ECE": 0.04578523337841034, "test/cal/aECE": 0.05769405886530876, "test/cls/Acc": 0.5945017337799072, "test/cls/Brier": 0.47769227623939514, "test/cls/NLL": 0.670581042766571, "test/sc/AUGRC": 0.18094931542873383, "test/sc/AURC": 0.3295372724533081, "test/sc/Cov@5Risk": NaN, "test/sc/Risk@80Cov": 0.38773006200790405, "test/cls/Entropy": 0.6858792304992676, "test/ens_Disagreement": 0.339281290769577, "test/ens_Entropy": 0.6770503520965576, "test/ens_MI": 0.00882882159203291}], "value_icu": [{"test/cal/ECE": 0.11107669025659561, "test/cal/aECE": 0.11172635108232498, "test/cls/Acc": 0.9047619104385376, "test/cls/Brier": 0.18492737412452698, "test/cls/NLL": 0.32961505651474, "test/sc/AUGRC": 0.025953788310289383, "test/sc/AURC": 0.04932515323162079, "test/sc/Cov@5Risk": 0.7987236380577087, "test/sc/Risk@80Cov": 0.05092024430632591, "test/cls/Entropy": 0.4598328173160553, "test/ens_Disagreement": 0.06576979160308838, "test/ens_Entropy": 0.444379597902298, "test/ens_MI": 0.01545325294137001}], "value_hypoglycemia": [{"test/cal/ECE": 0.015644509345293045, "test/cal/aECE": 0.024320829659700394, "test/cls/Acc": 0.9828553199768066, "test/cls/Brier": 0.036331530660390854, "test/cls/NLL": 0.10318725556135178, "test/sc/AUGRC": 0.006798995658755302, "test/sc/AURC": 0.013915888965129852, "test/sc/Cov@5Risk": 1.0, "test/sc/Risk@80Cov": 0.013443694449961185, "test/cls/Entropy": 0.09155450761318207, "test/ens_Disagreement": 0.012321911752223969, "test/ens_Entropy": 0.0772385224699974, "test/ens_MI": 0.014315971173346043}], "value_hyperkalemia": [{"test/cal/ECE": 0.021785719320178032, "test/cal/aECE": 0.028277378529310226, "test/cls/Acc": 0.9764867424964905, "test/cls/Brier": 0.048156265169382095, "test/cls/NLL": 0.1322186440229416, "test/sc/AUGRC": 0.009866149164736271, "test/sc/AURC": 0.019583210349082947, "test/sc/Cov@5Risk": 1.0, "test/sc/Risk@80Cov": 0.020007381215691566, "test/cls/Entropy": 0.10173612833023071, "test/ens_Disagreement": 0.013709265738725662, "test/ens_Entropy": 0.0856240764260292, "test/ens_MI": 0.01611212082207203}], "value_hyponatremia": [{"test/cal/ECE": 0.038770634680986404, "test/cal/aECE": 0.03872835263609886, "test/cls/Acc": 0.5654786825180054, "test/cls/Brier": 0.4923357367515564, "test/cls/NLL": 0.6862568855285645, "test/sc/AUGRC": 0.2051917463541031, "test/sc/AURC": 0.39269566535949707, "test/sc/Cov@5Risk": NaN, "test/sc/Risk@80Cov": 0.4234500229358673, "test/cls/Entropy": 0.6599575877189636, "test/ens_Disagreement": 0.27022501826286316, "test/ens_Entropy": 0.642340898513794, "test/ens_MI": 0.01761692576110363}], "value_anemia": [{"test/cal/ECE": 0.09506630897521973, "test/cal/aECE": 0.09506694972515106, "test/cls/Acc": 0.5345001816749573, "test/cls/Brier": 0.5203219652175903, "test/cls/NLL": 0.7187274098396301, "test/sc/AUGRC": 0.22365935146808624, "test/sc/AURC": 0.43277183175086975, "test/sc/Cov@5Risk": NaN, "test/sc/Risk@80Cov": 0.456822007894516, "test/cls/Entropy": 0.6400060057640076, "test/ens_Disagreement": 0.26229730248451233, "test/ens_Entropy": 0.6139882206916809, "test/ens_MI": 0.0260175671428442}], "value_thrombocytopenia": [{"test/cal/ECE": 0.0737074613571167, "test/cal/aECE": 0.07418981194496155, "test/cls/Acc": 0.5634542107582092, "test/cls/Brier": 0.5036803483963013, "test/cls/NLL": 0.7024791836738586, "test/sc/AUGRC": 0.20484614372253418, "test/sc/AURC": 0.3923814296722412, "test/sc/Cov@5Risk": NaN, "test/sc/Risk@80Cov": 0.4221320152282715, "test/cls/Entropy": 0.6323673725128174, "test/ens_Disagreement": 0.24901962280273438, "test/ens_Entropy": 0.6067411303520203, "test/ens_MI": 0.02562635764479637}], "value_new_hypertension": [{"test/cal/ECE": 0.19212162494659424, "test/cal/aECE": 0.19212165474891663, "test/cls/Acc": 0.7815699577331543, "test/cls/Brier": 0.39850467443466187, "test/cls/NLL": 0.5890814661979675, "test/sc/AUGRC": 0.07951284199953079, "test/sc/AURC": 0.12720398604869843, "test/sc/Cov@5Risk": NaN, "test/sc/Risk@80Cov": 0.17613635957241058, "test/cls/Entropy": 0.6706741452217102, "test/ens_Disagreement": 0.24588516354560852, "test/ens_Entropy": 0.6576619744300842, "test/ens_MI": 0.013012124225497246}], "value_new_hyperlipidemia": [{"test/cal/ECE": 0.17245420813560486, "test/cal/aECE": 0.17245414853096008, "test/cls/Acc": 0.8168373107910156, "test/cls/Brier": 0.33833423256874084, "test/cls/NLL": 0.5230516195297241, "test/sc/AUGRC": 0.061143189668655396, "test/sc/AURC": 0.11301019787788391, "test/sc/Cov@5Risk": NaN, "test/sc/Risk@80Cov": 0.1349431872367859, "test/cls/Entropy": 0.6348128318786621, "test/ens_Disagreement": 0.1668565720319748, "test/ens_Entropy": 0.6207490563392639, "test/ens_MI": 0.014063789509236813}], "value_new_acutemi": [{"test/cal/ECE": 0.20569568872451782, "test/cal/aECE": 0.20569564402103424, "test/cls/Acc": 0.9579067230224609, "test/cls/Brier": 0.1657613068819046, "test/cls/NLL": 0.32145386934280396, "test/sc/AUGRC": 0.01075784768909216, "test/sc/AURC": 0.01855706237256527, "test/sc/Cov@5Risk": 1.0, "test/sc/Risk@80Cov": 0.022727273404598236, "test/cls/Entropy": 0.5362444519996643, "test/ens_Disagreement": 0.059785012155771255, "test/ens_Entropy": 0.5175657868385315, "test/ens_MI": 0.0186786912381649}]}