{"value_los": [{"test/cal/ECE": 0.054423339664936066, "test/cal/aECE": 0.08024347573518753, "test/cls/Acc": 0.5758468508720398, "test/cls/Brier": 0.48890557885169983, "test/cls/NLL": 0.6820128560066223, "test/sc/AUGRC": 0.18788038194179535, "test/sc/AURC": 0.3416895866394043, "test/sc/Cov@5Risk": NaN, "test/sc/Risk@80Cov": 0.39263802766799927, "test/cls/Entropy": 0.69157475233078, "test/ens_Disagreement": 0.3866863250732422, "test/ens_Entropy": 0.6864427328109741, "test/ens_MI": 0.0051321228966116905}], "value_icu": [{"test/cal/ECE": 0.2382044643163681, "test/cal/aECE": 0.23820433020591736, "test/cls/Acc": 0.8939617276191711, "test/cls/Brier": 0.2908334732055664, "test/cls/NLL": 0.4722478687763214, "test/sc/AUGRC": 0.030269091948866844, "test/sc/AURC": 0.05396362394094467, "test/sc/Cov@5Risk": 0.6489936113357544, "test/sc/Risk@80Cov": 0.06380368024110794, "test/cls/Entropy": 0.6283993721008301, "test/ens_Disagreement": 0.135982483625412, "test/ens_Entropy": 0.6151536703109741, "test/ens_MI": 0.01324585359543562}], "value_hypoglycemia": [{"test/cal/ECE": 0.042298343032598495, "test/cal/aECE": 0.047601450234651566, "test/cls/Acc": 0.9772458672523499, "test/cls/Brier": 0.052271001040935516, "test/cls/NLL": 0.12569043040275574, "test/sc/AUGRC": 0.006983628496527672, "test/sc/AURC": 0.014332879334688187, "test/sc/Cov@5Risk": 1.0, "test/sc/Risk@80Cov": 0.013153732754290104, "test/cls/Entropy": 0.18969611823558807, "test/ens_Disagreement": 0.02336140349507332, "test/ens_Entropy": 0.1716606318950653, "test/ens_MI": 0.018035557121038437}], "value_hyperkalemia": [{"test/cal/ECE": 0.05225640535354614, "test/cal/aECE": 0.05644991248846054, "test/cls/Acc": 0.9658161401748657, "test/cls/Brier": 0.07372935116291046, "test/cls/NLL": 0.16340704262256622, "test/sc/AUGRC": 0.010249398648738861, "test/sc/AURC": 0.019890595227479935, "test/sc/Cov@5Risk": 1.0, "test/sc/Risk@80Cov": 0.020402783527970314, "test/cls/Entropy": 0.23612143099308014, "test/ens_Disagreement": 0.03489719331264496, "test/ens_Entropy": 0.21336579322814941, "test/ens_MI": 0.022755471989512444}], "value_hyponatremia": [{"test/cal/ECE": 0.030128924176096916, "test/cal/aECE": 0.03173472359776497, "test/cls/Acc": 0.5263391137123108, "test/cls/Brier": 0.4989111125469208, "test/cls/NLL": 0.6921020746231079, "test/sc/AUGRC": 0.22935256361961365, "test/sc/AURC": 0.4418330490589142, "test/sc/Cov@5Risk": NaN, "test/sc/Risk@80Cov": 0.4683677852153778, "test/cls/Entropy": 0.6825608015060425, "test/ens_Disagreement": 0.2906630337238312, "test/ens_Entropy": 0.6757787466049194, "test/ens_MI": 0.006781631615012884}], "value_anemia": [{"test/cal/ECE": 0.08129578083753586, "test/cal/aECE": 0.08259773254394531, "test/cls/Acc": 0.5051876902580261, "test/cls/Brier": 0.5149279832839966, "test/cls/NLL": 0.7090373635292053, "test/sc/AUGRC": 0.2424706071615219, "test/sc/AURC": 0.46581244468688965, "test/sc/Cov@5Risk": NaN, "test/sc/Risk@80Cov": 0.4947279691696167, "test/cls/Entropy": 0.6692811250686646, "test/ens_Disagreement": 0.23662276566028595, "test/ens_Entropy": 0.6598383188247681, "test/ens_MI": 0.009442200884222984}], "value_thrombocytopenia": [{"test/cal/ECE": 0.05510859936475754, "test/cal/aECE": 0.05596429854631424, "test/cls/Acc": 0.5314846038818359, "test/cls/Brier": 0.505498468875885, "test/cls/NLL": 0.6998134851455688, "test/sc/AUGRC": 0.22656075656414032, "test/sc/AURC": 0.43820828199386597, "test/sc/Cov@5Risk": NaN, "test/sc/Risk@80Cov": 0.46264761686325073, "test/cls/Entropy": 0.6675034165382385, "test/ens_Disagreement": 0.24287717044353485, "test/ens_Entropy": 0.6577006578445435, "test/ens_MI": 0.009803391061723232}], "value_new_hypertension": [{"test/cal/ECE": 0.19630613923072815, "test/cal/aECE": 0.19630619883537292, "test/cls/Acc": 0.7349260449409485, "test/cls/Brier": 0.4565447270870209, "test/cls/NLL": 0.6494379639625549, "test/sc/AUGRC": 0.10102400183677673, "test/sc/AURC": 0.16317032277584076, "test/sc/Cov@5Risk": NaN, "test/sc/Risk@80Cov": 0.2244318127632141, "test/cls/Entropy": 0.6888031959533691, "test/ens_Disagreement": 0.34155750274658203, "test/ens_Entropy": 0.6807325482368469, "test/ens_MI": 0.008070743642747402}], "value_new_hyperlipidemia": [{"test/cal/ECE": 0.20111221075057983, "test/cal/aECE": 0.2011122703552246, "test/cls/Acc": 0.7656427621841431, "test/cls/Brier": 0.42223623394966125, "test/cls/NLL": 0.6141793727874756, "test/sc/AUGRC": 0.08071010559797287, "test/sc/AURC": 0.13323244452476501, "test/sc/Cov@5Risk": NaN, "test/sc/Risk@80Cov": 0.1931818127632141, "test/cls/Entropy": 0.680695116519928, "test/ens_Disagreement": 0.29761844873428345, "test/ens_Entropy": 0.6697476506233215, "test/ens_MI": 0.010947540402412415}], "value_new_acutemi": [{"test/cal/ECE": 0.32250073552131653, "test/cal/aECE": 0.32250070571899414, "test/cls/Acc": 0.9670079350471497, "test/cls/Brier": 0.2722438871860504, "test/cls/NLL": 0.45695003867149353, "test/sc/AUGRC": 0.010196794755756855, "test/sc/AURC": 0.018955973908305168, "test/sc/Cov@5Risk": 1.0, "test/sc/Risk@80Cov": 0.022727273404598236, "test/cls/Entropy": 0.6442955732345581, "test/ens_Disagreement": 0.10295305401086807, "test/ens_Entropy": 0.631567656993866, "test/ens_MI": 0.012727972120046616}]}