{"value_los": [{"test/cal/ECE": 0.16613611578941345, "test/cal/aECE": 0.1695656180381775, "test/cls/Acc": 0.6813942193984985, "test/cls/Brier": 0.49420365691185, "test/cls/NLL": 0.8746122717857361, "test/sc/AUGRC": 0.14084967970848083, "test/sc/AURC": 0.26021382212638855, "test/sc/Cov@5Risk": NaN, "test/sc/Risk@80Cov": 0.29386502504348755, "test/cls/Entropy": 0.34493517875671387, "test/ens_Disagreement": 0.1253804713487625, "test/ens_Entropy": 0.30621251463890076, "test/ens_MI": 0.0387226939201355}], "value_icu": [{"test/cal/ECE": 0.04247911274433136, "test/cal/aECE": 0.04110369831323624, "test/cls/Acc": 0.9469808340072632, "test/cls/Brier": 0.10127156972885132, "test/cls/NLL": 0.32913827896118164, "test/sc/AUGRC": 0.021273674443364143, "test/sc/AURC": 0.04522400721907616, "test/sc/Cov@5Risk": NaN, "test/sc/Risk@80Cov": 0.042944785207509995, "test/cls/Entropy": 0.06799637526273727, "test/ens_Disagreement": 0.013451152481138706, "test/ens_Entropy": 0.06236247345805168, "test/ens_MI": 0.005633908323943615}], "value_hypoglycemia": [{"test/cal/ECE": 0.0182813573628664, "test/cal/aECE": 0.021856408566236496, "test/cls/Acc": 0.9799873232841492, "test/cls/Brier": 0.039450861513614655, "test/cls/NLL": 0.13640247285366058, "test/sc/AUGRC": 0.006920640356838703, "test/sc/AURC": 0.013998505659401417, "test/sc/Cov@5Risk": 1.0, "test/sc/Risk@80Cov": 0.013417334295809269, "test/cls/Entropy": 0.06586598604917526, "test/ens_Disagreement": 0.02501899190247059, "test/ens_Entropy": 0.04231671988964081, "test/ens_MI": 0.023549286648631096}], "value_hyperkalemia": [{"test/cal/ECE": 0.025178056210279465, "test/cal/aECE": 0.027249209582805634, "test/cls/Acc": 0.9754112362861633, "test/cls/Brier": 0.04958809167146683, "test/cls/NLL": 0.17724578082561493, "test/sc/AUGRC": 0.00989064946770668, "test/sc/AURC": 0.019790612161159515, "test/sc/Cov@5Risk": 1.0, "test/sc/Risk@80Cov": 0.01945381611585617, "test/cls/Entropy": 0.06783419847488403, "test/ens_Disagreement": 0.027490530163049698, "test/ens_Entropy": 0.041672367602586746, "test/ens_MI": 0.026161780580878258}], "value_hyponatremia": [{"test/cal/ECE": 0.13570916652679443, "test/cal/aECE": 0.13570889830589294, "test/cls/Acc": 0.6182834506034851, "test/cls/Brier": 0.5160431861877441, "test/cls/NLL": 0.798617422580719, "test/sc/AUGRC": 0.17279793322086334, "test/sc/AURC": 0.3285486698150635, "test/sc/Cov@5Risk": NaN, "test/sc/Risk@80Cov": 0.35794496536254883, "test/cls/Entropy": 0.48913148045539856, "test/ens_Disagreement": 0.3075833022594452, "test/ens_Entropy": 0.33457744121551514, "test/ens_MI": 0.15455426275730133}], "value_anemia": [{"test/cal/ECE": 0.17481260001659393, "test/cal/aECE": 0.17481209337711334, "test/cls/Acc": 0.5942007303237915, "test/cls/Brier": 0.561342716217041, "test/cls/NLL": 0.9057384729385376, "test/sc/AUGRC": 0.1893189549446106, "test/sc/AURC": 0.3657531142234802, "test/sc/Cov@5Risk": NaN, "test/sc/Risk@80Cov": 0.38799557089805603, "test/cls/Entropy": 0.46468645334243774, "test/ens_Disagreement": 0.30003786087036133, "test/ens_Entropy": 0.29545432329177856, "test/ens_MI": 0.16923192143440247}], "value_thrombocytopenia": [{"test/cal/ECE": 0.19864559173583984, "test/cal/aECE": 0.19864419102668762, "test/cls/Acc": 0.5754112005233765, "test/cls/Brier": 0.5887618064880371, "test/cls/NLL": 0.9667541980743408, "test/sc/AUGRC": 0.20005805790424347, "test/sc/AURC": 0.38830408453941345, "test/sc/Cov@5Risk": NaN, "test/sc/Risk@80Cov": 0.40945276618003845, "test/cls/Entropy": 0.4563766121864319, "test/ens_Disagreement": 0.2916913330554962, "test/ens_Entropy": 0.29166170954704285, "test/ens_MI": 0.1647150069475174}], "value_new_hypertension": [{"test/cal/ECE": 0.09048349410295486, "test/cal/aECE": 0.0892939567565918, "test/cls/Acc": 0.8543799519538879, "test/cls/Brier": 0.25871962308883667, "test/cls/NLL": 0.5458405017852783, "test/sc/AUGRC": 0.06000683084130287, "test/sc/AURC": 0.10956238955259323, "test/sc/Cov@5Risk": NaN, "test/sc/Risk@80Cov": 0.12642045319080353, "test/cls/Entropy": 0.2093520313501358, "test/ens_Disagreement": 0.034812286496162415, "test/ens_Entropy": 0.19594840705394745, "test/ens_MI": 0.013403618708252907}], "value_new_hyperlipidemia": [{"test/cal/ECE": 0.08254602551460266, "test/cal/aECE": 0.08095800876617432, "test/cls/Acc": 0.8771331310272217, "test/cls/Brier": 0.21872583031654358, "test/cls/NLL": 0.5105997323989868, "test/sc/AUGRC": 0.04850328713655472, "test/sc/AURC": 0.10019726306200027, "test/sc/Cov@5Risk": NaN, "test/sc/Risk@80Cov": 0.09375, "test/cls/Entropy": 0.1558363437652588, "test/ens_Disagreement": 0.02775881439447403, "test/ens_Entropy": 0.14620642364025116, "test/ens_MI": 0.009629947133362293}], "value_new_acutemi": [{"test/cal/ECE": 0.030196556821465492, "test/cal/aECE": 0.022587718442082405, "test/cls/Acc": 0.9624573588371277, "test/cls/Brier": 0.06901785731315613, "test/cls/NLL": 0.16756999492645264, "test/sc/AUGRC": 0.010554417036473751, "test/sc/AURC": 0.0179896242916584, "test/sc/Cov@5Risk": 1.0, "test/sc/Risk@80Cov": 0.02130681835114956, "test/cls/Entropy": 0.0853952020406723, "test/ens_Disagreement": 0.011376564390957355, "test/ens_Entropy": 0.08043085038661957, "test/ens_MI": 0.0049643563106656075}]}