{"value_los": [{"test/cal/ECE": 0.10892409086227417, "test/cal/aECE": 0.11454343795776367, "test/cls/Acc": 0.6696121692657471, "test/cls/Brier": 0.47023627161979675, "test/cls/NLL": 0.7053267359733582, "test/sc/AUGRC": 0.14868459105491638, "test/sc/AURC": 0.2742573618888855, "test/sc/Cov@5Risk": NaN, "test/sc/Risk@80Cov": 0.3092024624347687, "test/cls/Entropy": 0.480351060628891, "test/ens_Disagreement": 0.15191183984279633, "test/ens_Entropy": 0.44943827390670776, "test/ens_MI": 0.030912786722183228}], "value_icu": [{"test/cal/ECE": 0.04065977782011032, "test/cal/aECE": 0.03948414325714111, "test/cls/Acc": 0.9450171589851379, "test/cls/Brier": 0.10411080718040466, "test/cls/NLL": 0.28270238637924194, "test/sc/AUGRC": 0.021468015387654305, "test/sc/AURC": 0.04565226659178734, "test/sc/Cov@5Risk": NaN, "test/sc/Risk@80Cov": 0.04171779006719589, "test/cls/Entropy": 0.10058171302080154, "test/ens_Disagreement": 0.014400261454284191, "test/ens_Entropy": 0.09392213821411133, "test/ens_MI": 0.006659568753093481}], "value_hypoglycemia": [{"test/cal/ECE": 0.014917710795998573, "test/cal/aECE": 0.01832931488752365, "test/cls/Acc": 0.9835090637207031, "test/cls/Brier": 0.0332249291241169, "test/cls/NLL": 0.12492245435714722, "test/sc/AUGRC": 0.006831517443060875, "test/sc/AURC": 0.013976666145026684, "test/sc/Cov@5Risk": 1.0, "test/sc/Risk@80Cov": 0.013522774912416935, "test/cls/Entropy": 0.04689669981598854, "test/ens_Disagreement": 0.013707304373383522, "test/ens_Entropy": 0.03064977377653122, "test/ens_MI": 0.01624692976474762}], "value_hyperkalemia": [{"test/cal/ECE": 0.020760880783200264, "test/cal/aECE": 0.022730600088834763, "test/cls/Acc": 0.9774989485740662, "test/cls/Brier": 0.04440378025174141, "test/cls/NLL": 0.17164313793182373, "test/sc/AUGRC": 0.009979058988392353, "test/sc/AURC": 0.02014297805726528, "test/sc/Cov@5Risk": 1.0, "test/sc/Risk@80Cov": 0.019849220290780067, "test/cls/Entropy": 0.04598040133714676, "test/ens_Disagreement": 0.01251089759171009, "test/ens_Entropy": 0.030824411660432816, "test/ens_MI": 0.015156014822423458}], "value_hyponatremia": [{"test/cal/ECE": 0.11451851576566696, "test/cal/aECE": 0.11451926082372665, "test/cls/Acc": 0.6123576760292053, "test/cls/Brier": 0.5057213306427002, "test/cls/NLL": 0.741541862487793, "test/sc/AUGRC": 0.1762532889842987, "test/sc/AURC": 0.33599209785461426, "test/sc/Cov@5Risk": NaN, "test/sc/Risk@80Cov": 0.3669865131378174, "test/cls/Entropy": 0.5323996543884277, "test/ens_Disagreement": 0.3004229664802551, "test/ens_Entropy": 0.40395379066467285, "test/ens_MI": 0.12844626605510712}], "value_anemia": [{"test/cal/ECE": 0.15036872029304504, "test/cal/aECE": 0.15036876499652863, "test/cls/Acc": 0.5921763181686401, "test/cls/Brier": 0.53914874792099, "test/cls/NLL": 0.806157648563385, "test/sc/AUGRC": 0.18871480226516724, "test/sc/AURC": 0.3647691309452057, "test/sc/Cov@5Risk": NaN, "test/sc/Risk@80Cov": 0.3904734253883362, "test/cls/Entropy": 0.5099509358406067, "test/ens_Disagreement": 0.29040640592575073, "test/ens_Entropy": 0.3697099983692169, "test/ens_MI": 0.14024099707603455}], "value_thrombocytopenia": [{"test/cal/ECE": 0.1727808713912964, "test/cal/aECE": 0.17278075218200684, "test/cls/Acc": 0.6031842827796936, "test/cls/Brier": 0.5542702674865723, "test/cls/NLL": 0.8680014610290527, "test/sc/AUGRC": 0.1852450668811798, "test/sc/AURC": 0.36287567019462585, "test/sc/Cov@5Risk": NaN, "test/sc/Risk@80Cov": 0.3779259920120239, "test/cls/Entropy": 0.4630260467529297, "test/ens_Disagreement": 0.24536289274692535, "test/ens_Entropy": 0.33751487731933594, "test/ens_MI": 0.12551121413707733}], "value_new_hypertension": [{"test/cal/ECE": 0.07197972387075424, "test/cal/aECE": 0.07897937297821045, "test/cls/Acc": 0.8407281041145325, "test/cls/Brier": 0.27079689502716064, "test/cls/NLL": 0.46733006834983826, "test/sc/AUGRC": 0.06296628713607788, "test/sc/AURC": 0.10979583114385605, "test/sc/Cov@5Risk": NaN, "test/sc/Risk@80Cov": 0.13210226595401764, "test/cls/Entropy": 0.33523446321487427, "test/ens_Disagreement": 0.06666666269302368, "test/ens_Entropy": 0.317571222782135, "test/ens_MI": 0.017663253471255302}], "value_new_hyperlipidemia": [{"test/cal/ECE": 0.06638685613870621, "test/cal/aECE": 0.06431546062231064, "test/cls/Acc": 0.8623435497283936, "test/cls/Brier": 0.22428806126117706, "test/cls/NLL": 0.42623820900917053, "test/sc/AUGRC": 0.049026764929294586, "test/sc/AURC": 0.1019691601395607, "test/sc/Cov@5Risk": NaN, "test/sc/Risk@80Cov": 0.10085227340459824, "test/cls/Entropy": 0.25737300515174866, "test/ens_Disagreement": 0.042068008333444595, "test/ens_Entropy": 0.2442137748003006, "test/ens_MI": 0.013159220106899738}], "value_new_acutemi": [{"test/cal/ECE": 0.018239878118038177, "test/cal/aECE": 0.025442568585276604, "test/cls/Acc": 0.9590443968772888, "test/cls/Brier": 0.07148890942335129, "test/cls/NLL": 0.15717224776744843, "test/sc/AUGRC": 0.010787002742290497, "test/sc/AURC": 0.018639078363776207, "test/sc/Cov@5Risk": 1.0, "test/sc/Risk@80Cov": 0.02130681835114956, "test/cls/Entropy": 0.1384950876235962, "test/ens_Disagreement": 0.01233725156635046, "test/ens_Entropy": 0.1317991465330124, "test/ens_MI": 0.006695933640003204}]}