{"value_los": [{"test/cal/ECE": 0.23323248326778412, "test/cal/aECE": 0.2332317978143692, "test/cls/Acc": 0.6681393980979919, "test/cls/Brier": 0.5245985870263327, "test/cls/NLL": 1.3136138916015625, "test/sc/AUGRC": 0.13760481774806976, "test/sc/AURC": 0.2450123280286789, "test/sc/Cov@5Risk": NaN, "test/sc/Risk@80Cov": 0.29631900787353516, "test/cls/Entropy": 0.2221468687057495, "test/ens_Disagreement": 0.10171820968389511, "test/ens_Entropy": 0.1731880009174347, "test/ens_MI": 0.04895883426070213}], "value_icu": [{"test/cal/ECE": 0.044648341834545135, "test/cal/aECE": 0.04170338809490204, "test/cls/Acc": 0.9464899301528931, "test/cls/Brier": 0.4904110414657666, "test/cls/NLL": 0.4460793435573578, "test/sc/AUGRC": 0.02200920693576336, "test/sc/AURC": 0.04605722799897194, "test/sc/Cov@5Risk": 0.9779086709022522, "test/sc/Risk@80Cov": 0.04171779006719589, "test/cls/Entropy": 0.041206322610378265, "test/ens_Disagreement": 0.013942072167992592, "test/ens_Entropy": 0.0343695767223835, "test/ens_MI": 0.006836750544607639}], "value_hypoglycemia": [{"test/cal/ECE": 0.48566871881484985, "test/cal/aECE": 0.4833090901374817, "test/cls/Acc": 0.9836567044258118, "test/cls/Brier": 0.5009950146567712, "test/cls/NLL": 0.6944074630737305, "test/sc/AUGRC": 0.009438631124794483, "test/sc/AURC": 0.031240105628967285, "test/sc/Cov@5Risk": NaN, "test/sc/Risk@80Cov": 0.01636967435479164, "test/cls/Entropy": 0.69291090965271, "test/ens_Disagreement": 0.0009531844989396632, "test/ens_Entropy": 0.6928699612617493, "test/ens_MI": 0.0009531844989396632}], "value_hyperkalemia": [{"test/cal/ECE": 0.47983768582344055, "test/cal/aECE": 0.4761470854282379, "test/cls/Acc": 0.9766343235969543, "test/cls/Brier": 0.49948397012576756, "test/cls/NLL": 0.6948398351669312, "test/sc/AUGRC": 0.013466082513332367, "test/sc/AURC": 0.04437118396162987, "test/sc/Cov@5Risk": NaN, "test/sc/Risk@80Cov": 0.023486925289034843, "test/cls/Entropy": 0.6928744316101074, "test/ens_Disagreement": 0.001746099442243576, "test/ens_Entropy": 0.6927773356437683, "test/ens_MI": 0.001746099442243576}], "value_hyponatremia": [{"test/cal/ECE": 0.22041770815849304, "test/cal/aECE": 0.2210005521774292, "test/cls/Acc": 0.5985448956489563, "test/cls/Brier": 0.5029485721362278, "test/cls/NLL": 1.1415101289749146, "test/sc/AUGRC": 0.18811288475990295, "test/sc/AURC": 0.3586714267730713, "test/sc/Cov@5Risk": NaN, "test/sc/Risk@80Cov": 0.38928723335266113, "test/cls/Entropy": 0.3926382064819336, "test/ens_Disagreement": 0.1596837341785431, "test/ens_Entropy": 0.31419527530670166, "test/ens_MI": 0.07844291627407074}], "value_anemia": [{"test/cal/ECE": 0.2726247012615204, "test/cal/aECE": 0.27262043952941895, "test/cls/Acc": 0.5652889013290405, "test/cls/Brier": 0.5057964144174999, "test/cls/NLL": 1.3342641592025757, "test/sc/AUGRC": 0.20659223198890686, "test/sc/AURC": 0.3989887833595276, "test/sc/Cov@5Risk": NaN, "test/sc/Risk@80Cov": 0.422606498003006, "test/cls/Entropy": 0.3475128710269928, "test/ens_Disagreement": 0.16937579214572906, "test/ens_Entropy": 0.25276970863342285, "test/ens_MI": 0.09474316984415054}], "value_thrombocytopenia": [{"test/cal/ECE": 0.272267609834671, "test/cal/aECE": 0.27214598655700684, "test/cls/Acc": 0.5609236359596252, "test/cls/Brier": 0.49915189798692383, "test/cls/NLL": 1.3679577112197876, "test/sc/AUGRC": 0.2099786251783371, "test/sc/AURC": 0.4069705605506897, "test/sc/Cov@5Risk": NaN, "test/sc/Risk@80Cov": 0.4287484288215637, "test/cls/Entropy": 0.3518158793449402, "test/ens_Disagreement": 0.16488395631313324, "test/ens_Entropy": 0.2608667314052582, "test/ens_MI": 0.09094900637865067}], "value_new_hypertension": [{"test/cal/ECE": 0.11101768165826797, "test/cal/aECE": 0.10878713428974152, "test/cls/Acc": 0.8532423377037048, "test/cls/Brier": 0.5218916395386983, "test/cls/NLL": 0.8098737597465515, "test/sc/AUGRC": 0.061529967933893204, "test/sc/AURC": 0.1106284037232399, "test/sc/Cov@5Risk": NaN, "test/sc/Risk@80Cov": 0.125, "test/cls/Entropy": 0.12601958215236664, "test/ens_Disagreement": 0.03913538157939911, "test/ens_Entropy": 0.10860192030668259, "test/ens_MI": 0.017417674884200096}], "value_new_hyperlipidemia": [{"test/cal/ECE": 0.09879419207572937, "test/cal/aECE": 0.09226758778095245, "test/cls/Acc": 0.8703071475028992, "test/cls/Brier": 0.5578735984827355, "test/cls/NLL": 0.7446495294570923, "test/sc/AUGRC": 0.048631567507982254, "test/sc/AURC": 0.09628428518772125, "test/sc/Cov@5Risk": NaN, "test/sc/Risk@80Cov": 0.09517045319080353, "test/cls/Entropy": 0.08967837691307068, "test/ens_Disagreement": 0.02571103535592556, "test/ens_Entropy": 0.07867154479026794, "test/ens_MI": 0.011006835848093033}], "value_new_acutemi": [{"test/cal/ECE": 0.028898810967803, "test/cal/aECE": 0.023418501019477844, "test/cls/Acc": 0.9647326469421387, "test/cls/Brier": 0.6347072599531617, "test/cls/NLL": 0.21524670720100403, "test/sc/AUGRC": 0.010805790312588215, "test/sc/AURC": 0.02139848656952381, "test/sc/Cov@5Risk": 1.0, "test/sc/Risk@80Cov": 0.019886363297700882, "test/cls/Entropy": 0.046374689787626266, "test/ens_Disagreement": 0.010693970136344433, "test/ens_Entropy": 0.04165804013609886, "test/ens_MI": 0.004716650117188692}]}