{"value_los": [{"test/cal/ECE": 0.19197233021259308, "test/cal/aECE": 0.19175702333450317, "test/cls/Acc": 0.6553755402565002, "test/cls/Brier": 0.5059623207022051, "test/cls/NLL": 0.9613075256347656, "test/sc/AUGRC": 0.15059776604175568, "test/sc/AURC": 0.27361389994621277, "test/sc/Cov@5Risk": NaN, "test/sc/Risk@80Cov": 0.3190183937549591, "test/cls/Entropy": 0.33682024478912354, "test/ens_Disagreement": 0.13912615180015564, "test/ens_Entropy": 0.284301221370697, "test/ens_MI": 0.052518997341394424}], "value_icu": [{"test/cal/ECE": 0.0418425127863884, "test/cal/aECE": 0.04103425145149231, "test/cls/Acc": 0.9513990879058838, "test/cls/Brier": 0.4826362102217937, "test/cls/NLL": 0.3729854226112366, "test/sc/AUGRC": 0.021758684888482094, "test/sc/AURC": 0.04590866342186928, "test/sc/Cov@5Risk": 1.0, "test/sc/Risk@80Cov": 0.042944785207509995, "test/cls/Entropy": 0.04943219572305679, "test/ens_Disagreement": 0.07589590549468994, "test/ens_Entropy": 0.1627652794122696, "test/ens_MI": 0.030360883101820946}], "value_hypoglycemia": [{"test/cal/ECE": 0.010084602050483227, "test/cal/aECE": 0.016816988587379456, "test/cls/Acc": 0.9861239790916443, "test/cls/Brier": 0.48976926618904054, "test/cls/NLL": 0.09512490034103394, "test/sc/AUGRC": 0.00707815820351243, "test/sc/AURC": 0.014817124232649803, "test/sc/Cov@5Risk": 1.0, "test/sc/Risk@80Cov": 0.013654575683176517, "test/cls/Entropy": 0.06419561803340912, "test/ens_Disagreement": 0.0002699282777030021, "test/ens_Entropy": 0.05235043168067932, "test/ens_MI": 0.011845209635794163}], "value_hyperkalemia": [{"test/cal/ECE": 0.015061566606163979, "test/cal/aECE": 0.02084251306951046, "test/cls/Acc": 0.9808098077774048, "test/cls/Brier": 0.5116475365099317, "test/cls/NLL": 0.11816933751106262, "test/sc/AUGRC": 0.009376084432005882, "test/sc/AURC": 0.018368173390626907, "test/sc/Cov@5Risk": 1.0, "test/sc/Risk@80Cov": 0.01900569349527359, "test/cls/Entropy": 0.08032586425542831, "test/ens_Disagreement": 0.00027625460643321276, "test/ens_Entropy": 0.05912125110626221, "test/ens_MI": 0.013139575719833374}], "value_hyponatremia": [{"test/cal/ECE": 0.07548429071903229, "test/cal/aECE": 0.0803917944431305, "test/cls/Acc": 0.5900042057037354, "test/cls/Brier": 0.49305598088220115, "test/cls/NLL": 0.6934745907783508, "test/sc/AUGRC": 0.21389010548591614, "test/sc/AURC": 0.4170583188533783, "test/sc/Cov@5Risk": NaN, "test/sc/Risk@80Cov": 0.44377371668815613, "test/cls/Entropy": 0.6715133786201477, "test/ens_Disagreement": 0.05979616567492485, "test/ens_Entropy": 0.25195831060409546, "test/ens_MI": 0.020053524523973465}], "value_anemia": [{"test/cal/ECE": 0.1597878783941269, "test/cal/aECE": 0.1602817326784134, "test/cls/Acc": 0.6811261177062988, "test/cls/Brier": 0.5219253961603847, "test/cls/NLL": 0.7941685318946838, "test/sc/AUGRC": 0.15399819612503052, "test/sc/AURC": 0.3057670593261719, "test/sc/Cov@5Risk": NaN, "test/sc/Risk@80Cov": 0.31081295013427734, "test/cls/Entropy": 0.39758795499801636, "test/ens_Disagreement": 0.08381487429141998, "test/ens_Entropy": 0.27528104186058044, "test/ens_MI": 0.02812495082616806}], "value_thrombocytopenia": [{"test/cal/ECE": 0.16880090534687042, "test/cal/aECE": 0.16880086064338684, "test/cls/Acc": 0.5424293279647827, "test/cls/Brier": 0.5003314500544234, "test/cls/NLL": 0.8286354541778564, "test/sc/AUGRC": 0.2202560007572174, "test/sc/AURC": 0.4274100661277771, "test/sc/Cov@5Risk": NaN, "test/sc/Risk@80Cov": 0.44888758659362793, "test/cls/Entropy": 0.5495877265930176, "test/ens_Disagreement": 0.13867396116256714, "test/ens_Entropy": 0.29846563935279846, "test/ens_MI": 0.05417678505182266}], "value_new_hypertension": [{"test/cal/ECE": 0.084368497133255, "test/cal/aECE": 0.08455289900302887, "test/cls/Acc": 0.8566552996635437, "test/cls/Brier": 0.5425972190678073, "test/cls/NLL": 0.5856434106826782, "test/sc/AUGRC": 0.0563904345035553, "test/sc/AURC": 0.09894862771034241, "test/sc/Cov@5Risk": NaN, "test/sc/Risk@80Cov": 0.109375, "test/cls/Entropy": 0.1646466851234436, "test/ens_Disagreement": 0.040500570088624954, "test/ens_Entropy": 0.14812663197517395, "test/ens_MI": 0.016520056873559952}], "value_new_hyperlipidemia": [{"test/cal/ECE": 0.0980817973613739, "test/cal/aECE": 0.09155173599720001, "test/cls/Acc": 0.8657565712928772, "test/cls/Brier": 0.5580269983823283, "test/cls/NLL": 0.6355158686637878, "test/sc/AUGRC": 0.04871838167309761, "test/sc/AURC": 0.09352104365825653, "test/sc/Cov@5Risk": NaN, "test/sc/Risk@80Cov": 0.09943182021379471, "test/cls/Entropy": 0.11153006553649902, "test/ens_Disagreement": 0.03344710171222687, "test/ens_Entropy": 0.12372992187738419, "test/ens_MI": 0.014358463697135448}], "value_new_acutemi": [{"test/cal/ECE": 0.02775535173714161, "test/cal/aECE": 0.0292341411113739, "test/cls/Acc": 0.9704209566116333, "test/cls/Brier": 0.6078688524590165, "test/cls/NLL": 0.1969980001449585, "test/sc/AUGRC": 0.01128974836319685, "test/sc/AURC": 0.018543211743235588, "test/sc/Cov@5Risk": 1.0, "test/sc/Risk@80Cov": 0.024147726595401764, "test/cls/Entropy": 0.04962611198425293, "test/ens_Disagreement": 0.026545315980911255, "test/ens_Entropy": 0.09720222651958466, "test/ens_MI": 0.011398738250136375}]}