{"value_los": [{"test/cal/ECE": 0.2562146782875061, "test/cal/aECE": 0.25466188788414, "test/cls/Acc": 0.6647030115127563, "test/cls/Brier": 0.5134901520017127, "test/cls/NLL": 1.4930270910263062, "test/sc/AUGRC": 0.14252065122127533, "test/sc/AURC": 0.26094064116477966, "test/sc/Cov@5Risk": NaN, "test/sc/Risk@80Cov": 0.306134968996048, "test/cls/Entropy": 0.18799994885921478, "test/ens_Disagreement": NaN, "test/ens_Entropy": 0.18799994885921478, "test/ens_MI": 0.0}], "value_icu": [{"test/cal/ECE": 0.05163643881678581, "test/cal/aECE": 0.049082428216934204, "test/cls/Acc": 0.9366715550422668, "test/cls/Brier": 0.5073469141755063, "test/cls/NLL": 0.49592313170433044, "test/sc/AUGRC": 0.022153154015541077, "test/sc/AURC": 0.04238450899720192, "test/sc/Cov@5Risk": 0.9450171589851379, "test/sc/Risk@80Cov": 0.04846625775098801, "test/cls/Entropy": 0.03810083866119385, "test/ens_Disagreement": NaN, "test/ens_Entropy": 0.03810083866119385, "test/ens_MI": 0.0}], "value_hypoglycemia": [{"test/cal/ECE": 0.48610857129096985, "test/cal/aECE": 0.4860547184944153, "test/cls/Acc": 0.9860607385635376, "test/cls/Brier": 0.49996792267225526, "test/cls/NLL": 0.6931608319282532, "test/sc/AUGRC": 0.0070416186936199665, "test/sc/AURC": 0.014605269767343998, "test/sc/Cov@5Risk": NaN, "test/sc/Risk@80Cov": 0.013364613987505436, "test/cls/Entropy": 0.6931437849998474, "test/ens_Disagreement": NaN, "test/ens_Entropy": 0.6931437849998474, "test/ens_MI": 0.0}], "value_hyperkalemia": [{"test/cal/ECE": 0.4808334708213806, "test/cal/aECE": 0.4807228147983551, "test/cls/Acc": 0.9807465076446533, "test/cls/Brier": 0.4999677488712105, "test/cls/NLL": 0.6932370662689209, "test/sc/AUGRC": 0.009375333786010742, "test/sc/AURC": 0.017989132553339005, "test/sc/Cov@5Risk": NaN, "test/sc/Risk@80Cov": 0.01839940994977951, "test/cls/Entropy": 0.6931256055831909, "test/ens_Disagreement": NaN, "test/ens_Entropy": 0.6931256055831909, "test/ens_MI": 0.0}], "value_hyponatremia": [{"test/cal/ECE": 0.28029417991638184, "test/cal/aECE": 0.27846968173980713, "test/cls/Acc": 0.5896457433700562, "test/cls/Brier": 0.5014031909588562, "test/cls/NLL": 1.3721206188201904, "test/sc/AUGRC": 0.19677165150642395, "test/sc/AURC": 0.37389203906059265, "test/sc/Cov@5Risk": NaN, "test/sc/Risk@80Cov": 0.4112979769706726, "test/cls/Entropy": 0.3309476673603058, "test/ens_Disagreement": NaN, "test/ens_Entropy": 0.3309476673603058, "test/ens_MI": 0.0}], "value_anemia": [{"test/cal/ECE": 0.3122411072254181, "test/cal/aECE": 0.31222760677337646, "test/cls/Acc": 0.5791860222816467, "test/cls/Brier": 0.5149633003405705, "test/cls/NLL": 1.6744667291641235, "test/sc/AUGRC": 0.19589847326278687, "test/sc/AURC": 0.3776661157608032, "test/sc/Cov@5Risk": NaN, "test/sc/Risk@80Cov": 0.40352171659469604, "test/cls/Entropy": 0.24522867798805237, "test/ens_Disagreement": NaN, "test/ens_Entropy": 0.24522867798805237, "test/ens_MI": 0.0}], "value_thrombocytopenia": [{"test/cal/ECE": 0.3207223415374756, "test/cal/aECE": 0.3207888603210449, "test/cls/Acc": 0.5689371824264526, "test/cls/Brier": 0.49549973460261865, "test/cls/NLL": 1.763547658920288, "test/sc/AUGRC": 0.20878469944000244, "test/sc/AURC": 0.40711891651153564, "test/sc/Cov@5Risk": NaN, "test/sc/Risk@80Cov": 0.42703500390052795, "test/cls/Entropy": 0.27135786414146423, "test/ens_Disagreement": NaN, "test/ens_Entropy": 0.27135786414146423, "test/ens_MI": 0.0}], "value_new_hypertension": [{"test/cal/ECE": 0.11458294093608856, "test/cal/aECE": 0.11413570493459702, "test/cls/Acc": 0.8577929735183716, "test/cls/Brier": 0.5313927372750903, "test/cls/NLL": 0.8362783789634705, "test/sc/AUGRC": 0.05851219594478607, "test/sc/AURC": 0.10670626163482666, "test/sc/Cov@5Risk": NaN, "test/sc/Risk@80Cov": 0.11931817978620529, "test/cls/Entropy": 0.09997843950986862, "test/ens_Disagreement": NaN, "test/ens_Entropy": 0.09997843950986862, "test/ens_MI": 0.0}], "value_new_hyperlipidemia": [{"test/cal/ECE": 0.10027962923049927, "test/cal/aECE": 0.0997711569070816, "test/cls/Acc": 0.871444821357727, "test/cls/Brier": 0.5543454007921014, "test/cls/NLL": 0.8081920146942139, "test/sc/AUGRC": 0.0485985241830349, "test/sc/AURC": 0.09801992028951645, "test/sc/Cov@5Risk": NaN, "test/sc/Risk@80Cov": 0.09801136702299118, "test/cls/Entropy": 0.07371149212121964, "test/ens_Disagreement": NaN, "test/ens_Entropy": 0.07371149212121964, "test/ens_MI": 0.0}], "value_new_acutemi": [{"test/cal/ECE": 0.03584625571966171, "test/cal/aECE": 0.02359384298324585, "test/cls/Acc": 0.9579067230224609, "test/cls/Brier": 0.6562997658079626, "test/cls/NLL": 0.23920074105262756, "test/sc/AUGRC": 0.010904265567660332, "test/sc/AURC": 0.017664887011051178, "test/sc/Cov@5Risk": 1.0, "test/sc/Risk@80Cov": 0.02130681835114956, "test/cls/Entropy": 0.04721100628376007, "test/ens_Disagreement": NaN, "test/ens_Entropy": 0.04721100628376007, "test/ens_MI": 0.0}]}