{"value_los": [{"test/cal/ECE": 0.26417455077171326, "test/cal/aECE": 0.2598503828048706, "test/cls/Acc": 0.6583210825920105, "test/cls/Brier": 0.5030239777349604, "test/cls/NLL": 1.5234686136245728, "test/sc/AUGRC": 0.14977723360061646, "test/sc/AURC": 0.2793111503124237, "test/sc/Cov@5Risk": NaN, "test/sc/Risk@80Cov": 0.312269926071167, "test/cls/Entropy": 0.19305260479450226, "test/ens_Disagreement": NaN, "test/ens_Entropy": 0.19305260479450226, "test/ens_MI": 0.0}], "value_icu": [{"test/cal/ECE": 0.043888822197914124, "test/cal/aECE": 0.04274299740791321, "test/cls/Acc": 0.954344630241394, "test/cls/Brier": 0.48983244937319187, "test/cls/NLL": 0.7432188987731934, "test/sc/AUGRC": 0.02103966847062111, "test/sc/AURC": 0.04138753563165665, "test/sc/Cov@5Risk": 1.0, "test/sc/Risk@80Cov": 0.042944785207509995, "test/cls/Entropy": 0.00782922375947237, "test/ens_Disagreement": NaN, "test/ens_Entropy": 0.10044089704751968, "test/ens_MI": 0.0}], "value_hypoglycemia": [{"test/cal/ECE": 0.01863805204629898, "test/cal/aECE": 0.0212741456925869, "test/cls/Acc": 0.9858709573745728, "test/cls/Brier": 0.48560186231799934, "test/cls/NLL": 0.15665070712566376, "test/sc/AUGRC": 0.007145768031477928, "test/sc/AURC": 0.01425762940198183, "test/sc/Cov@5Risk": 1.0, "test/sc/Risk@80Cov": 0.014234500005841255, "test/cls/Entropy": 0.03724494203925133, "test/ens_Disagreement": NaN, "test/ens_Entropy": 0.03724494203925133, "test/ens_MI": 0.0}], "value_hyperkalemia": [{"test/cal/ECE": 0.02457069605588913, "test/cal/aECE": 0.02740251086652279, "test/cls/Acc": 0.9806621670722961, "test/cls/Brier": 0.48408873431449223, "test/cls/NLL": 0.1916918307542801, "test/sc/AUGRC": 0.009924349375069141, "test/sc/AURC": 0.019689716398715973, "test/sc/Cov@5Risk": 1.0, "test/sc/Risk@80Cov": 0.020086461678147316, "test/cls/Entropy": 0.045061737298965454, "test/ens_Disagreement": NaN, "test/ens_Entropy": 0.04115334525704384, "test/ens_MI": 0.0}], "value_hyponatremia": [{"test/cal/ECE": 0.2194344699382782, "test/cal/aECE": 0.2074938714504242, "test/cls/Acc": 0.719190239906311, "test/cls/Brier": 0.5009394732280904, "test/cls/NLL": 0.7071456909179688, "test/sc/AUGRC": 0.14513185620307922, "test/sc/AURC": 0.2974453866481781, "test/sc/Cov@5Risk": NaN, "test/sc/Risk@80Cov": 0.2851908504962921, "test/cls/Entropy": 0.6800122261047363, "test/ens_Disagreement": NaN, "test/ens_Entropy": 0.2541065216064453, "test/ens_MI": 0.0}], "value_anemia": [{"test/cal/ECE": 0.2144799828529358, "test/cal/aECE": 0.2141028791666031, "test/cls/Acc": 0.637262761592865, "test/cls/Brier": 0.5105615489607247, "test/cls/NLL": 1.1084915399551392, "test/sc/AUGRC": 0.16088157892227173, "test/sc/AURC": 0.31715455651283264, "test/sc/Cov@5Risk": NaN, "test/sc/Risk@80Cov": 0.3197226822376251, "test/cls/Entropy": 0.3186742663383484, "test/ens_Disagreement": NaN, "test/ens_Entropy": 0.2702484726905823, "test/ens_MI": 0.0}], "value_thrombocytopenia": [{"test/cal/ECE": 0.2838905453681946, "test/cal/aECE": 0.28229135274887085, "test/cls/Acc": 0.5492408275604248, "test/cls/Brier": 0.5058539553253185, "test/cls/NLL": 1.341820240020752, "test/sc/AUGRC": 0.2180674523115158, "test/sc/AURC": 0.4235333502292633, "test/sc/Cov@5Risk": NaN, "test/sc/Risk@80Cov": 0.44749051332473755, "test/cls/Entropy": 0.36302852630615234, "test/ens_Disagreement": NaN, "test/ens_Entropy": 0.2888045012950897, "test/ens_MI": 0.0}], "value_new_hypertension": [{"test/cal/ECE": 0.13068264722824097, "test/cal/aECE": 0.12552325427532196, "test/cls/Acc": 0.8339021801948547, "test/cls/Brier": 0.5519973755267874, "test/cls/NLL": 0.918823778629303, "test/sc/AUGRC": 0.0597761869430542, "test/sc/AURC": 0.10498327016830444, "test/sc/Cov@5Risk": NaN, "test/sc/Risk@80Cov": 0.12642045319080353, "test/cls/Entropy": 0.09656498581171036, "test/ens_Disagreement": NaN, "test/ens_Entropy": 0.09656498581171036, "test/ens_MI": 0.0}], "value_new_hyperlipidemia": [{"test/cal/ECE": 0.11190333962440491, "test/cal/aECE": 0.11139826476573944, "test/cls/Acc": 0.8657565712928772, "test/cls/Brier": 0.5639677581301947, "test/cls/NLL": 0.967294454574585, "test/sc/AUGRC": 0.04806273803114891, "test/sc/AURC": 0.09281253069639206, "test/sc/Cov@5Risk": NaN, "test/sc/Risk@80Cov": 0.09801136702299118, "test/cls/Entropy": 0.05721340700984001, "test/ens_Disagreement": NaN, "test/ens_Entropy": 0.07688918709754944, "test/ens_MI": 0.0}], "value_new_acutemi": [{"test/cal/ECE": 0.03658966347575188, "test/cal/aECE": 0.036112718284130096, "test/cls/Acc": 0.9579067230224609, "test/cls/Brier": 0.6120843091334895, "test/cls/NLL": 0.36247241497039795, "test/sc/AUGRC": 0.01173742488026619, "test/sc/AURC": 0.01884576678276062, "test/sc/Cov@5Risk": 1.0, "test/sc/Risk@80Cov": 0.024147726595401764, "test/cls/Entropy": 0.016031848266720772, "test/ens_Disagreement": NaN, "test/ens_Entropy": 0.056603413075208664, "test/ens_MI": 0.0}]}