{"value_los": [{"test/cal/ECE": 0.16917338967323303, "test/cal/aECE": 0.1667061746120453, "test/cls/Acc": 0.6647030115127563, "test/cls/Brier": 0.5030560907728537, "test/cls/NLL": 0.8690177798271179, "test/sc/AUGRC": 0.14647716283798218, "test/sc/AURC": 0.26964569091796875, "test/sc/Cov@5Risk": NaN, "test/sc/Risk@80Cov": 0.3055214583873749, "test/cls/Entropy": 0.3638243079185486, "test/ens_Disagreement": 0.14059892296791077, "test/ens_Entropy": 0.3207586109638214, "test/ens_MI": 0.043065670877695084}], "value_icu": [{"test/cal/ECE": 0.04139833524823189, "test/cal/aECE": 0.03837629407644272, "test/cls/Acc": 0.9474717974662781, "test/cls/Brier": 0.5038090646094503, "test/cls/NLL": 0.3306403160095215, "test/sc/AUGRC": 0.021248236298561096, "test/sc/AURC": 0.0454280823469162, "test/sc/Cov@5Risk": NaN, "test/sc/Risk@80Cov": 0.04171779006719589, "test/cls/Entropy": 0.06367839872837067, "test/ens_Disagreement": 0.011487480252981186, "test/ens_Entropy": 0.0587305948138237, "test/ens_MI": 0.004947796929627657}], "value_hypoglycemia": [{"test/cal/ECE": 0.01843206025660038, "test/cal/aECE": 0.022072944790124893, "test/cls/Acc": 0.9810417294502258, "test/cls/Brier": 0.5087923565350454, "test/cls/NLL": 0.13089428842067719, "test/sc/AUGRC": 0.0069083902053534985, "test/sc/AURC": 0.0138906454667449, "test/sc/Cov@5Risk": 1.0, "test/sc/Risk@80Cov": 0.013760017231106758, "test/cls/Entropy": 0.06567005813121796, "test/ens_Disagreement": 0.02241249568760395, "test/ens_Entropy": 0.04348946735262871, "test/ens_MI": 0.02218063361942768}], "value_hyperkalemia": [{"test/cal/ECE": 0.025460345670580864, "test/cal/aECE": 0.028531381860375404, "test/cls/Acc": 0.9746520519256592, "test/cls/Brier": 0.49157887586505095, "test/cls/NLL": 0.17743681371212006, "test/sc/AUGRC": 0.009871105663478374, "test/sc/AURC": 0.01983940415084362, "test/sc/Cov@5Risk": 1.0, "test/sc/Risk@80Cov": 0.01953289844095707, "test/cls/Entropy": 0.07484696805477142, "test/ens_Disagreement": 0.029413772746920586, "test/ens_Entropy": 0.04727763682603836, "test/ens_MI": 0.027569271624088287}], "value_hyponatremia": [{"test/cal/ECE": 0.13956469297409058, "test/cal/aECE": 0.13956516981124878, "test/cls/Acc": 0.622226893901825, "test/cls/Brier": 0.5021904115903707, "test/cls/NLL": 0.8135173320770264, "test/sc/AUGRC": 0.17083507776260376, "test/sc/AURC": 0.3269679546356201, "test/sc/Cov@5Risk": NaN, "test/sc/Risk@80Cov": 0.35383278131484985, "test/cls/Entropy": 0.4774955213069916, "test/ens_Disagreement": 0.30147624015808105, "test/ens_Entropy": 0.3202221691608429, "test/ens_MI": 0.1572732776403427}], "value_anemia": [{"test/cal/ECE": 0.1731322854757309, "test/cal/aECE": 0.17313194274902344, "test/cls/Acc": 0.5943483710289001, "test/cls/Brier": 0.5158835707570483, "test/cls/NLL": 0.8930679559707642, "test/sc/AUGRC": 0.1873924881219864, "test/sc/AURC": 0.3625039756298065, "test/sc/Cov@5Risk": NaN, "test/sc/Risk@80Cov": 0.38580766320228577, "test/cls/Entropy": 0.4673366844654083, "test/ens_Disagreement": 0.2998650074005127, "test/ens_Entropy": 0.30034932494163513, "test/ens_MI": 0.16698692739009857}], "value_thrombocytopenia": [{"test/cal/ECE": 0.19515982270240784, "test/cal/aECE": 0.1951608657836914, "test/cls/Acc": 0.5897722244262695, "test/cls/Brier": 0.49851715587455153, "test/cls/NLL": 0.9742602109909058, "test/sc/AUGRC": 0.19140629470348358, "test/sc/AURC": 0.37296122312545776, "test/sc/Cov@5Risk": NaN, "test/sc/Risk@80Cov": 0.3915014863014221, "test/cls/Entropy": 0.43912336230278015, "test/ens_Disagreement": 0.27685797214508057, "test/ens_Entropy": 0.28083536028862, "test/ens_MI": 0.1582881510257721}], "value_new_hypertension": [{"test/cal/ECE": 0.09650197625160217, "test/cal/aECE": 0.09414619207382202, "test/cls/Acc": 0.8589305877685547, "test/cls/Brier": 0.5316072374895904, "test/cls/NLL": 0.5308986902236938, "test/sc/AUGRC": 0.05903114378452301, "test/sc/AURC": 0.10678088665008545, "test/sc/Cov@5Risk": NaN, "test/sc/Risk@80Cov": 0.12357954680919647, "test/cls/Entropy": 0.22110705077648163, "test/ens_Disagreement": 0.04573379084467888, "test/ens_Entropy": 0.2067331224679947, "test/ens_MI": 0.014373935759067535}], "value_new_hyperlipidemia": [{"test/cal/ECE": 0.08212731033563614, "test/cal/aECE": 0.07632869482040405, "test/cls/Acc": 0.8725824952125549, "test/cls/Brier": 0.5491298042059464, "test/cls/NLL": 0.5211881995201111, "test/sc/AUGRC": 0.04913819581270218, "test/sc/AURC": 0.09933269023895264, "test/sc/Cov@5Risk": NaN, "test/sc/Risk@80Cov": 0.09801136702299118, "test/cls/Entropy": 0.15882091224193573, "test/ens_Disagreement": 0.03048919327557087, "test/ens_Entropy": 0.14847102761268616, "test/ens_MI": 0.0103498799726367}], "value_new_acutemi": [{"test/cal/ECE": 0.02125302143394947, "test/cal/aECE": 0.023146679624915123, "test/cls/Acc": 0.9590443968772888, "test/cls/Brier": 0.6381733021077284, "test/cls/NLL": 0.16770613193511963, "test/sc/AUGRC": 0.01064965408295393, "test/sc/AURC": 0.01818089187145233, "test/sc/Cov@5Risk": 1.0, "test/sc/Risk@80Cov": 0.019886363297700882, "test/cls/Entropy": 0.08268195390701294, "test/ens_Disagreement": 0.011604096740484238, "test/ens_Entropy": 0.07749686390161514, "test/ens_MI": 0.005185105372220278}]}