{"value_los": [{"test/cal/ECE": 0.24519364535808563, "test/cal/aECE": 0.2451934516429901, "test/cls/Acc": 0.645557165145874, "test/cls/Brier": 0.5206754442303575, "test/cls/NLL": 1.2853056192398071, "test/sc/AUGRC": 0.15474668145179749, "test/sc/AURC": 0.28383755683898926, "test/sc/Cov@5Risk": NaN, "test/sc/Risk@80Cov": 0.3276073634624481, "test/cls/Entropy": 0.25051912665367126, "test/ens_Disagreement": 0.1129111498594284, "test/ens_Entropy": 0.18687692284584045, "test/ens_MI": 0.063642218708992}], "value_icu": [{"test/cal/ECE": 0.044950686395168304, "test/cal/aECE": 0.04092147946357727, "test/cls/Acc": 0.9528718590736389, "test/cls/Brier": 0.5140188042430087, "test/cls/NLL": 0.4683738648891449, "test/sc/AUGRC": 0.02038225717842579, "test/sc/AURC": 0.03963754326105118, "test/sc/Cov@5Risk": 1.0, "test/sc/Risk@80Cov": 0.03987729921936989, "test/cls/Entropy": 0.033522170037031174, "test/ens_Disagreement": 0.06116838753223419, "test/ens_Entropy": 0.10651380568742752, "test/ens_MI": 0.03550684452056885}], "value_hypoglycemia": [{"test/cal/ECE": 0.021996108815073967, "test/cal/aECE": 0.026637006551027298, "test/cls/Acc": 0.9856178760528564, "test/cls/Brier": 0.48496675072854867, "test/cls/NLL": 0.13277380168437958, "test/sc/AUGRC": 0.0071510933339595795, "test/sc/AURC": 0.014460265636444092, "test/sc/Cov@5Risk": 1.0, "test/sc/Risk@80Cov": 0.014234500005841255, "test/cls/Entropy": 0.06765905767679214, "test/ens_Disagreement": 0.0015900470316410065, "test/ens_Entropy": 0.056072741746902466, "test/ens_MI": 0.01158630196005106}], "value_hyperkalemia": [{"test/cal/ECE": 0.0244330745190382, "test/cal/aECE": 0.029158486053347588, "test/cls/Acc": 0.9802826046943665, "test/cls/Brier": 0.49383089067458025, "test/cls/NLL": 0.1619495004415512, "test/sc/AUGRC": 0.009715508669614792, "test/sc/AURC": 0.019469449296593666, "test/sc/Cov@5Risk": 1.0, "test/sc/Risk@80Cov": 0.01937473565340042, "test/cls/Entropy": 0.07212250679731369, "test/ens_Disagreement": 0.0019379983423277736, "test/ens_Entropy": 0.05837954208254814, "test/ens_MI": 0.011511269956827164}], "value_hyponatremia": [{"test/cal/ECE": 0.20847298204898834, "test/cal/aECE": 0.206548273563385, "test/cls/Acc": 0.7144453525543213, "test/cls/Brier": 0.49793125746185246, "test/cls/NLL": 0.6958673000335693, "test/sc/AUGRC": 0.14903491735458374, "test/sc/AURC": 0.3074263036251068, "test/sc/Cov@5Risk": NaN, "test/sc/Risk@80Cov": 0.2914382219314575, "test/cls/Entropy": 0.6825991868972778, "test/ens_Disagreement": 0.0038169489707797766, "test/ens_Entropy": 0.2644789218902588, "test/ens_MI": 0.009647869504988194}], "value_anemia": [{"test/cal/ECE": 0.1888158768415451, "test/cal/aECE": 0.18808788061141968, "test/cls/Acc": 0.6597216129302979, "test/cls/Brier": 0.5155859080742354, "test/cls/NLL": 0.9817784428596497, "test/sc/AUGRC": 0.15866242349147797, "test/sc/AURC": 0.31350526213645935, "test/sc/Cov@5Risk": NaN, "test/sc/Risk@80Cov": 0.31914275884628296, "test/cls/Entropy": 0.3441694378852844, "test/ens_Disagreement": 0.026042815297842026, "test/ens_Entropy": 0.2759360671043396, "test/ens_MI": 0.015701524913311005}], "value_thrombocytopenia": [{"test/cal/ECE": 0.23999178409576416, "test/cal/aECE": 0.24049845337867737, "test/cls/Acc": 0.5500421524047852, "test/cls/Brier": 0.5031304350884227, "test/cls/NLL": 1.0925649404525757, "test/sc/AUGRC": 0.21640238165855408, "test/sc/AURC": 0.41920462250709534, "test/sc/Cov@5Risk": NaN, "test/sc/Risk@80Cov": 0.4416649043560028, "test/cls/Entropy": 0.4352888762950897, "test/ens_Disagreement": 0.05494563281536102, "test/ens_Entropy": 0.2927926778793335, "test/ens_MI": 0.02757488749921322}], "value_new_hypertension": [{"test/cal/ECE": 0.13228535652160645, "test/cal/aECE": 0.12644468247890472, "test/cls/Acc": 0.8100113868713379, "test/cls/Brier": 0.5427486309839251, "test/cls/NLL": 0.8292038440704346, "test/sc/AUGRC": 0.06877702474594116, "test/sc/AURC": 0.11898357421159744, "test/sc/Cov@5Risk": NaN, "test/sc/Risk@80Cov": 0.14488635957241058, "test/cls/Entropy": 0.15447497367858887, "test/ens_Disagreement": 0.055745162069797516, "test/ens_Entropy": 0.12392545491456985, "test/ens_MI": 0.030549542978405952}], "value_new_hyperlipidemia": [{"test/cal/ECE": 0.11082770675420761, "test/cal/aECE": 0.10539814829826355, "test/cls/Acc": 0.8646188974380493, "test/cls/Brier": 0.5410135549729458, "test/cls/NLL": 0.9851435422897339, "test/sc/AUGRC": 0.05055897310376167, "test/sc/AURC": 0.09423530846834183, "test/sc/Cov@5Risk": NaN, "test/sc/Risk@80Cov": 0.10085227340459824, "test/cls/Entropy": 0.0736827403306961, "test/ens_Disagreement": 0.041524454951286316, "test/ens_Entropy": 0.09202177822589874, "test/ens_MI": 0.02205709181725979}], "value_new_acutemi": [{"test/cal/ECE": 0.0309661366045475, "test/cal/aECE": 0.02330770529806614, "test/cls/Acc": 0.9601820111274719, "test/cls/Brier": 0.592271662763466, "test/cls/NLL": 0.29343920946121216, "test/sc/AUGRC": 0.012110595591366291, "test/sc/AURC": 0.021272234618663788, "test/sc/Cov@5Risk": 1.0, "test/sc/Risk@80Cov": 0.024147726595401764, "test/cls/Entropy": 0.04278413578867912, "test/ens_Disagreement": 0.031095942482352257, "test/ens_Entropy": 0.07328823208808899, "test/ens_MI": 0.01702573150396347}]}