{"guo_los": [{"test/cal/ECE": 0.1035313606262207, "test/cal/aECE": 0.10436592251062393, "test/cls/Acc": 0.7585421204566956, "test/cls/Brier": 0.3506689965724945, "test/cls/NLL": 0.5866733193397522, "test/sc/AUGRC": 0.07798842340707779, "test/sc/AURC": 0.11268971115350723, "test/sc/CovAt5Risk": NaN, "test/sc/RiskAt80Cov": 0.19134396314620972, "test/cls/entropy": 0.300374299287796, "test/ens_Disagreement": 0.10724374651908875, "test/ens_Entropy": 0.2657338082790375, "test/ens_MI": 0.034640420228242874}], "guo_readmission": [{"test/cal/ECE": 0.056454818695783615, "test/cal/aECE": 0.0569826140999794, "test/cls/Acc": 0.8570123314857483, "test/cls/Brier": 0.2181643545627594, "test/cls/NLL": 0.40960898995399475, "test/sc/AUGRC": 0.036001116037368774, "test/sc/AURC": 0.05185550078749657, "test/sc/CovAt5Risk": 0.6007308959960938, "test/sc/RiskAt80Cov": 0.08675798773765564, "test/cls/entropy": 0.19959191977977753, "test/ens_Disagreement": 0.08316606283187866, "test/ens_Entropy": 0.22332270443439484, "test/ens_MI": 0.02672933228313923}], "guo_icu": [{"test/cal/ECE": 0.021962907165288925, "test/cal/aECE": 0.017209256067872047, "test/cls/Acc": 0.9567992091178894, "test/cls/Brier": 0.07392940670251846, "test/cls/NLL": 0.16333921253681183, "test/sc/AUGRC": 0.006884665694087744, "test/sc/AURC": 0.008768213912844658, "test/sc/CovAt5Risk": 1.0, "test/sc/RiskAt80Cov": 0.015337423421442509, "test/cls/entropy": 0.078078992664814, "test/ens_Disagreement": 0.06344805657863617, "test/ens_Entropy": 0.17412815988063812, "test/ens_MI": 0.02136710099875927}]}