{"guo_los": [{"test/cal/ECE": 0.024611974135041237, "test/cal/aECE": 0.029376156628131866, "test/cls/Acc": 0.7722095847129822, "test/cls/Brier": 0.3092302978038788, "test/cls/NLL": 0.46678590774536133, "test/sc/AUGRC": 0.07117360830307007, "test/sc/AURC": 0.10189932584762573, "test/sc/CovAt5Risk": NaN, "test/sc/RiskAt80Cov": 0.17653758823871613, "test/cls/entropy": 0.43543627858161926, "test/ens_Disagreement": 0.10897494852542877, "test/ens_Entropy": 0.41884320974349976, "test/ens_MI": 0.01659310795366764}], "guo_readmission": [{"test/cal/ECE": 0.0202920064330101, "test/cal/aECE": 0.02200198546051979, "test/cls/Acc": 0.8560986518859863, "test/cls/Brier": 0.2057093381881714, "test/cls/NLL": 0.33692145347595215, "test/sc/AUGRC": 0.03481394052505493, "test/sc/AURC": 0.049600474536418915, "test/sc/CovAt5Risk": 0.5701233148574829, "test/sc/RiskAt80Cov": 0.07876712083816528, "test/cls/entropy": 0.3312183916568756, "test/ens_Disagreement": 0.08594891428947449, "test/ens_Entropy": 0.3694774806499481, "test/ens_MI": 0.013921227306127548}], "guo_icu": [{"test/cal/ECE": 0.022255832329392433, "test/cal/aECE": 0.018611354753375053, "test/cls/Acc": 0.9567992091178894, "test/cls/Brier": 0.0716664046049118, "test/cls/NLL": 0.13692019879817963, "test/sc/AUGRC": 0.006501287221908569, "test/sc/AURC": 0.008389070630073547, "test/sc/CovAt5Risk": 1.0, "test/sc/RiskAt80Cov": 0.016564417630434036, "test/cls/entropy": 0.1673591434955597, "test/ens_Disagreement": 0.06453824043273926, "test/ens_Entropy": 0.30366215109825134, "test/ens_MI": 0.011199994012713432}], "new_hypertension": [{"test/cal/ECE": 0.02537129446864128, "test/cal/aECE": 0.03937491029500961, "test/cls/Acc": 0.7090619802474976, "test/cls/Brier": 0.37440288066864014, "test/cls/NLL": 0.5533531308174133, "test/sc/AUGRC": 0.10515041649341583, "test/sc/AURC": 0.16641879081726074, "test/sc/CovAt5Risk": NaN, "test/sc/RiskAt80Cov": 0.24627606570720673, "test/cls/entropy": 0.5254281759262085, "test/ens_Disagreement": 0.16661366820335388, "test/ens_Entropy": 0.5044287443161011, "test/ens_MI": 0.020999349653720856}], "new_hyperlipidemia": [{"test/cal/ECE": 0.03262944892048836, "test/cal/aECE": 0.03171534091234207, "test/cls/Acc": 0.7342444658279419, "test/cls/Brier": 0.3607196807861328, "test/cls/NLL": 0.5403991341590881, "test/sc/AUGRC": 0.09751424938440323, "test/sc/AURC": 0.15953794121742249, "test/sc/CovAt5Risk": NaN, "test/sc/RiskAt80Cov": 0.21821631491184235, "test/cls/entropy": 0.5254315733909607, "test/ens_Disagreement": 0.16885437071323395, "test/ens_Entropy": 0.504003643989563, "test/ens_MI": 0.02142619527876377}], "new_pancan": [{"test/cal/ECE": 0.09146346151828766, "test/cal/aECE": 0.09173661470413208, "test/cls/Acc": 0.9130630493164062, "test/cls/Brier": 0.1464819759130478, "test/cls/NLL": 0.2658914625644684, "test/sc/AUGRC": 0.013550152070820332, "test/sc/AURC": 0.01919526793062687, "test/sc/CovAt5Risk": 0.911261260509491, "test/sc/RiskAt80Cov": 0.026463963091373444, "test/cls/entropy": 0.40563827753067017, "test/ens_Disagreement": 0.13017728924751282, "test/ens_Entropy": 0.449121356010437, "test/ens_MI": 0.02084716223180294}], "new_celiac": [{"test/cal/ECE": 0.10780403763055801, "test/cal/aECE": 0.10780397057533264, "test/cls/Acc": 0.984698474407196, "test/cls/Brier": 0.064488984644413, "test/cls/NLL": 0.15524917840957642, "test/sc/AUGRC": 0.0027645041700452566, "test/sc/AURC": 0.0038599686231464148, "test/sc/CovAt5Risk": 1.0, "test/sc/RiskAt80Cov": 0.007311585824936628, "test/cls/entropy": 0.324566513299942, "test/ens_Disagreement": 0.09539692848920822, "test/ens_Entropy": 0.4059488773345947, "test/ens_MI": 0.017976602539420128}], "new_lupus": [{"test/cal/ECE": 0.1314271092414856, "test/cal/aECE": 0.13142701983451843, "test/cls/Acc": 0.9719126224517822, "test/cls/Brier": 0.09827513992786407, "test/cls/NLL": 0.20669031143188477, "test/sc/AUGRC": 0.004347055219113827, "test/sc/AURC": 0.007225468289107084, "test/sc/CovAt5Risk": 1.0, "test/sc/RiskAt80Cov": 0.008356546051800251, "test/cls/entropy": 0.37891584634780884, "test/ens_Disagreement": 0.08777540177106857, "test/ens_Entropy": 0.39495450258255005, "test/ens_MI": 0.018068557605147362}], "new_acutemi": [{"test/cal/ECE": 0.08680018037557602, "test/cal/aECE": 0.08680017292499542, "test/cls/Acc": 0.8542548418045044, "test/cls/Brier": 0.23653309047222137, "test/cls/NLL": 0.38568490743637085, "test/sc/AUGRC": 0.03956123813986778, "test/sc/AURC": 0.05752689391374588, "test/sc/CovAt5Risk": NaN, "test/sc/RiskAt80Cov": 0.08930669724941254, "test/cls/entropy": 0.48502403497695923, "test/ens_Disagreement": 0.09412491321563721, "test/ens_Entropy": 0.40782445669174194, "test/ens_MI": 0.018647808581590652}], "lab_thrombocytopenia": [{"test/cal/ECE": 0.03668219596147537, "test/cal/aECE": 0.0363360270857811, "test/cls/Acc": 0.754357635974884, "test/cls/Brier": 0.3322187066078186, "test/cls/NLL": 0.5009514093399048, "test/sc/AUGRC": 0.08119658380746841, "test/sc/AURC": 0.1227237805724144, "test/sc/CovAt5Risk": NaN, "test/sc/RiskAt80Cov": 0.19362783432006836, "test/cls/entropy": 0.5419284105300903, "test/ens_Disagreement": 0.1378536820411682, "test/ens_Entropy": 0.5270607471466064, "test/ens_MI": 0.014867412857711315}], "lab_hyperkalemia": [{"test/cal/ECE": 0.06208276376128197, "test/cal/aECE": 0.06223297119140625, "test/cls/Acc": 0.9744238257408142, "test/cls/Brier": 0.05977554991841316, "test/cls/NLL": 0.1384868621826172, "test/sc/AUGRC": 0.0056398347951471806, "test/sc/AURC": 0.009189602918922901, "test/sc/CovAt5Risk": 1.0, "test/sc/RiskAt80Cov": 0.012273432686924934, "test/cls/entropy": 0.256296306848526, "test/ens_Disagreement": 0.06910014152526855, "test/ens_Entropy": 0.3783855736255646, "test/ens_MI": 0.012019801884889603}], "lab_hyponatremia": [{"test/cal/ECE": 0.01860152930021286, "test/cal/aECE": 0.021093159914016724, "test/cls/Acc": 0.680521547794342, "test/cls/Brier": 0.39872798323631287, "test/cls/NLL": 0.5800139904022217, "test/sc/AUGRC": 0.12105714529752731, "test/sc/AURC": 0.19205141067504883, "test/sc/CovAt5Risk": NaN, "test/sc/RiskAt80Cov": 0.27889153361320496, "test/cls/entropy": 0.6016912460327148, "test/ens_Disagreement": 0.10494773834943771, "test/ens_Entropy": 0.4536472260951996, "test/ens_MI": 0.01248305942863226}], "lab_anemia": [{"test/cal/ECE": 0.01702522486448288, "test/cal/aECE": 0.01702372543513775, "test/cls/Acc": 0.8863554000854492, "test/cls/Brier": 0.15865087509155273, "test/cls/NLL": 0.2545349597930908, "test/sc/AUGRC": 0.019472813233733177, "test/sc/AURC": 0.023735983297228813, "test/sc/CovAt5Risk": 0.8122431635856628, "test/sc/RiskAt80Cov": 0.04681454598903656, "test/cls/entropy": 0.28845033049583435, "test/ens_Disagreement": 0.0900627076625824, "test/ens_Entropy": 0.4131181538105011, "test/ens_MI": 0.010867182165384293}], "lab_hypoglycemia": [{"test/cal/ECE": 0.042217060923576355, "test/cal/aECE": 0.04226117581129074, "test/cls/Acc": 0.9862580299377441, "test/cls/Brier": 0.0341554619371891, "test/cls/NLL": 0.09065066277980804, "test/sc/AUGRC": 0.003253798233345151, "test/sc/AURC": 0.0050855884328484535, "test/sc/CovAt5Risk": 1.0, "test/sc/RiskAt80Cov": 0.0072587160393595695, "test/cls/entropy": 0.1836288869380951, "test/ens_Disagreement": 0.0645749643445015, "test/ens_Entropy": 0.34409862756729126, "test/ens_MI": 0.009972532279789448}]}