{"guo_los": [{"test/cal/ECE": 0.026745043694972992, "test/cal/aECE": 0.03151039034128189, "test/cls/Acc": 0.777676522731781, "test/cls/Brier": 0.2938169240951538, "test/cls/NLL": 0.4449663758277893, "test/sc/AUGRC": 0.06440135836601257, "test/sc/AURC": 0.08996240794658661, "test/sc/CovAt5Risk": NaN, "test/sc/RiskAt80Cov": 0.16343963146209717, "test/cls/entropy": 0.4361558258533478, "test/ens_Disagreement": 0.10031890124082565, "test/ens_Entropy": 0.4230656325817108, "test/ens_MI": 0.013090177439153194}], "guo_readmission": [{"test/cal/ECE": 0.01852739416062832, "test/cal/aECE": 0.021793432533740997, "test/cls/Acc": 0.860210120677948, "test/cls/Brier": 0.2035963237285614, "test/cls/NLL": 0.33276504278182983, "test/sc/AUGRC": 0.034106042236089706, "test/sc/AURC": 0.04833604395389557, "test/sc/CovAt5Risk": 0.5943353176116943, "test/sc/RiskAt80Cov": 0.07933790236711502, "test/cls/entropy": 0.33149611949920654, "test/ens_Disagreement": 0.06715395301580429, "test/ens_Entropy": 0.31871891021728516, "test/ens_MI": 0.012777137570083141}], "guo_icu": [{"test/cal/ECE": 0.008896135725080967, "test/cal/aECE": 0.009335692971944809, "test/cls/Acc": 0.9445262551307678, "test/cls/Brier": 0.08668383210897446, "test/cls/NLL": 0.1566420942544937, "test/sc/AUGRC": 0.008159580640494823, "test/sc/AURC": 0.010157445445656776, "test/sc/CovAt5Risk": 0.9882179498672485, "test/sc/RiskAt80Cov": 0.01840490847826004, "test/cls/entropy": 0.15727025270462036, "test/ens_Disagreement": 0.02376043051481247, "test/ens_Entropy": 0.14960312843322754, "test/ens_MI": 0.0076671382412314415}], "new_hypertension": [{"test/cal/ECE": 0.034515559673309326, "test/cal/aECE": 0.03557528555393219, "test/cls/Acc": 0.817965030670166, "test/cls/Brier": 0.26993846893310547, "test/cls/NLL": 0.43499407172203064, "test/sc/AUGRC": 0.056806523352861404, "test/sc/AURC": 0.09062182158231735, "test/sc/CovAt5Risk": NaN, "test/sc/RiskAt80Cov": 0.13704071938991547, "test/cls/entropy": 0.359178364276886, "test/ens_Disagreement": 0.05945945531129837, "test/ens_Entropy": 0.34998437762260437, "test/ens_MI": 0.009193919599056244}], "new_hyperlipidemia": [{"test/cal/ECE": 0.03855302929878235, "test/cal/aECE": 0.04912486672401428, "test/cls/Acc": 0.8359909057617188, "test/cls/Brier": 0.251041978597641, "test/cls/NLL": 0.4123145341873169, "test/sc/AUGRC": 0.05113513022661209, "test/sc/AURC": 0.07888424396514893, "test/sc/CovAt5Risk": NaN, "test/sc/RiskAt80Cov": 0.11385199427604675, "test/cls/entropy": 0.3248545229434967, "test/ens_Disagreement": 0.04373576119542122, "test/ens_Entropy": 0.3165636956691742, "test/ens_MI": 0.008290823549032211}], "new_pancan": [{"test/cal/ECE": 0.02029503881931305, "test/cal/aECE": 0.019471142441034317, "test/cls/Acc": 0.9292792677879333, "test/cls/Brier": 0.10321519523859024, "test/cls/NLL": 0.17916662991046906, "test/sc/AUGRC": 0.009189775213599205, "test/sc/AURC": 0.012232700362801552, "test/sc/CovAt5Risk": 0.9490991234779358, "test/sc/RiskAt80Cov": 0.017454955726861954, "test/cls/entropy": 0.2267301380634308, "test/ens_Disagreement": 0.03873874247074127, "test/ens_Entropy": 0.21448563039302826, "test/ens_MI": 0.012244517914950848}], "new_celiac": [{"test/cal/ECE": 0.05449557676911354, "test/cal/aECE": 0.05025610700249672, "test/cls/Acc": 0.9657965898513794, "test/cls/Brier": 0.06306778639554977, "test/cls/NLL": 0.1355302631855011, "test/sc/AUGRC": 0.0051004416309297085, "test/sc/AURC": 0.007174820639193058, "test/sc/CovAt5Risk": 1.0, "test/sc/RiskAt80Cov": 0.010686163790524006, "test/cls/entropy": 0.23768001794815063, "test/ens_Disagreement": 0.03798379749059677, "test/ens_Entropy": 0.22202752530574799, "test/ens_MI": 0.015652459114789963}], "new_lupus": [{"test/cal/ECE": 0.03835133835673332, "test/cal/aECE": 0.03601372241973877, "test/cls/Acc": 0.9549710154533386, "test/cls/Brier": 0.07013938575983047, "test/cls/NLL": 0.13635361194610596, "test/sc/AUGRC": 0.004572159145027399, "test/sc/AURC": 0.005297586787492037, "test/sc/CovAt5Risk": 1.0, "test/sc/RiskAt80Cov": 0.010027854703366756, "test/cls/entropy": 0.2223776876926422, "test/ens_Disagreement": 0.027017386630177498, "test/ens_Entropy": 0.21413324773311615, "test/ens_MI": 0.00824449397623539}], "new_acutemi": [{"test/cal/ECE": 0.02449011243879795, "test/cal/aECE": 0.02244061976671219, "test/cls/Acc": 0.8970381021499634, "test/cls/Brier": 0.1615932136774063, "test/cls/NLL": 0.2831617593765259, "test/sc/AUGRC": 0.025569096207618713, "test/sc/AURC": 0.040081124752759933, "test/sc/CovAt5Risk": 0.7484720349311829, "test/sc/RiskAt80Cov": 0.05522914230823517, "test/cls/entropy": 0.2847015857696533, "test/ens_Disagreement": 0.04682651534676552, "test/ens_Entropy": 0.271135538816452, "test/ens_MI": 0.013566032983362675}], "lab_thrombocytopenia": [{"test/cal/ECE": 0.013844829052686691, "test/cal/aECE": 0.013701805844902992, "test/cls/Acc": 0.7805033922195435, "test/cls/Brier": 0.30473169684410095, "test/cls/NLL": 0.4688234031200409, "test/sc/AUGRC": 0.07013028115034103, "test/sc/AURC": 0.10561911761760712, "test/sc/CovAt5Risk": NaN, "test/sc/RiskAt80Cov": 0.1661156862974167, "test/cls/entropy": 0.43948787450790405, "test/ens_Disagreement": 0.1331002563238144, "test/ens_Entropy": 0.41327449679374695, "test/ens_MI": 0.02621302381157875}], "lab_hyperkalemia": [{"test/cal/ECE": 0.05589940771460533, "test/cal/aECE": 0.05680128186941147, "test/cls/Acc": 0.9351483583450317, "test/cls/Brier": 0.11098095029592514, "test/cls/NLL": 0.2024465799331665, "test/sc/AUGRC": 0.010030466131865978, "test/sc/AURC": 0.013881891034543514, "test/sc/CovAt5Risk": 0.9618713855743408, "test/sc/RiskAt80Cov": 0.019833866506814957, "test/cls/entropy": 0.2827925384044647, "test/ens_Disagreement": 0.07129277288913727, "test/ens_Entropy": 0.2573619782924652, "test/ens_MI": 0.02543080784380436}], "lab_hyponatremia": [{"test/cal/ECE": 0.00827120989561081, "test/cal/aECE": 0.008439842611551285, "test/cls/Acc": 0.7162976861000061, "test/cls/Brier": 0.369721919298172, "test/cls/NLL": 0.5470253825187683, "test/sc/AUGRC": 0.10282531380653381, "test/sc/AURC": 0.16148312389850616, "test/sc/CovAt5Risk": NaN, "test/sc/RiskAt80Cov": 0.24064300954341888, "test/cls/entropy": 0.5330098271369934, "test/ens_Disagreement": 0.1854897439479828, "test/ens_Entropy": 0.5067645907402039, "test/ens_MI": 0.026245050132274628}], "lab_anemia": [{"test/cal/ECE": 0.007228571455925703, "test/cal/aECE": 0.007521684747189283, "test/cls/Acc": 0.8964147567749023, "test/cls/Brier": 0.146562397480011, "test/cls/NLL": 0.23726223409175873, "test/sc/AUGRC": 0.01706855557858944, "test/sc/AURC": 0.020772784948349, "test/sc/CovAt5Risk": 0.8386037349700928, "test/sc/RiskAt80Cov": 0.040946606546640396, "test/cls/entropy": 0.24911150336265564, "test/ens_Disagreement": 0.04252773895859718, "test/ens_Entropy": 0.24053353071212769, "test/ens_MI": 0.008577755652368069}], "lab_hypoglycemia": [{"test/cal/ECE": 0.07680562883615494, "test/cal/aECE": 0.07717835903167725, "test/cls/Acc": 0.9576405882835388, "test/cls/Brier": 0.0889362320303917, "test/cls/NLL": 0.17340974509716034, "test/sc/AUGRC": 0.005511846859008074, "test/sc/AURC": 0.0074668810702860355, "test/sc/CovAt5Risk": 1.0, "test/sc/RiskAt80Cov": 0.009620284661650658, "test/cls/entropy": 0.2841894030570984, "test/ens_Disagreement": 0.050542861223220825, "test/ens_Entropy": 0.2592294216156006, "test/ens_MI": 0.02496017888188362}]}