{"guo_los": [{"test/cal/ECE": 0.32692205905914307, "test/cal/aECE": 0.3253750801086426, "test/cls/Acc": 0.445558100938797, "test/cls/Brier": 0.7230477333068848, "test/cls/NLL": 1.0068141222000122, "test/sc/AUGRC": 0.26532068848609924, "test/sc/AURC": 0.4860105514526367, "test/sc/CovAt5Risk": NaN, "test/sc/RiskAt80Cov": 0.5495443940162659, "test/cls/entropy": 0.48856037855148315, "test/ens_Disagreement": 0.00805239100009203, "test/ens_Entropy": 0.48847562074661255, "test/ens_MI": 8.475288632325828e-05}], "guo_readmission": [{"test/cal/ECE": 0.04233013093471527, "test/cal/aECE": 0.04036247357726097, "test/cls/Acc": 0.7163088321685791, "test/cls/Brier": 0.384185254573822, "test/cls/NLL": 0.5650581121444702, "test/sc/AUGRC": 0.11005699634552002, "test/sc/AURC": 0.17830775678157806, "test/sc/CovAt5Risk": NaN, "test/sc/RiskAt80Cov": 0.25342464447021484, "test/cls/entropy": 0.5433483719825745, "test/ens_Disagreement": 0.007369601167738438, "test/ens_Entropy": 0.5158331990242004, "test/ens_MI": 8.361342042917386e-05}], "guo_icu": [{"test/cal/ECE": 0.19512715935707092, "test/cal/aECE": 0.19512706995010376, "test/cls/Acc": 0.539027988910675, "test/cls/Brier": 0.550521731376648, "test/cls/NLL": 0.7601033449172974, "test/sc/AUGRC": 0.19951799511909485, "test/sc/AURC": 0.33125972747802734, "test/sc/CovAt5Risk": NaN, "test/sc/RiskAt80Cov": 0.43926379084587097, "test/cls/entropy": 0.5351738929748535, "test/ens_Disagreement": 0.007526085712015629, "test/ens_Entropy": 0.5219373106956482, "test/ens_MI": 8.855667692841962e-05}], "new_hypertension": [{"test/cal/ECE": 0.27243471145629883, "test/cal/aECE": 0.27280107140541077, "test/cls/Acc": 0.8314785361289978, "test/cls/Brier": 0.4238317012786865, "test/cls/NLL": 0.6161231398582458, "test/sc/AUGRC": 0.06968163698911667, "test/sc/AURC": 0.12231665104627609, "test/sc/CovAt5Risk": NaN, "test/sc/RiskAt80Cov": 0.14101290702819824, "test/cls/entropy": 0.6837064623832703, "test/ens_Disagreement": 0.006630894262343645, "test/ens_Entropy": 0.6836891770362854, "test/ens_MI": 1.717319719318766e-05}], "new_hyperlipidemia": [{"test/cal/ECE": 0.27148038148880005, "test/cal/aECE": 0.2714802622795105, "test/cls/Acc": 0.8299164772033691, "test/cls/Brier": 0.42520514130592346, "test/cls/NLL": 0.6175354719161987, "test/sc/AUGRC": 0.07294369488954544, "test/sc/AURC": 0.12765151262283325, "test/sc/CovAt5Risk": NaN, "test/sc/RiskAt80Cov": 0.1480075865983963, "test/cls/entropy": 0.6840059161186218, "test/ens_Disagreement": 0.006135921459645033, "test/ens_Entropy": 0.6838427782058716, "test/ens_MI": 1.6918089386308566e-05}], "new_pancan": [{"test/cal/ECE": 0.3842635452747345, "test/cal/aECE": 0.3842637538909912, "test/cls/Acc": 0.9418919086456299, "test/cls/Brier": 0.4027308225631714, "test/cls/NLL": 0.5950456261634827, "test/sc/AUGRC": 0.01911897026002407, "test/sc/AURC": 0.03381536155939102, "test/sc/CovAt5Risk": 0.9770269989967346, "test/sc/RiskAt80Cov": 0.041103605180978775, "test/cls/entropy": 0.684699535369873, "test/ens_Disagreement": 0.004659367725253105, "test/ens_Entropy": 0.6842328906059265, "test/ens_MI": 1.5740175513201393e-05}], "new_celiac": [{"test/cal/ECE": 0.397306352853775, "test/cal/aECE": 0.3973066210746765, "test/cls/Acc": 0.9558956027030945, "test/cls/Brier": 0.39850494265556335, "test/cls/NLL": 0.5907748937606812, "test/sc/AUGRC": 0.01335890032351017, "test/sc/AURC": 0.024738451465964317, "test/sc/CovAt5Risk": 1.0, "test/sc/RiskAt80Cov": 0.026434196159243584, "test/cls/entropy": 0.6844407916069031, "test/ens_Disagreement": 0.004092442337423563, "test/ens_Entropy": 0.6842939853668213, "test/ens_MI": 1.538352807983756e-05}], "new_lupus": [{"test/cal/ECE": 0.39569956064224243, "test/cal/aECE": 0.3956996202468872, "test/cls/Acc": 0.9545251727104187, "test/cls/Brier": 0.3982626795768738, "test/cls/NLL": 0.5905269384384155, "test/sc/AUGRC": 0.01364936400204897, "test/sc/AURC": 0.025463959202170372, "test/sc/CovAt5Risk": 1.0, "test/sc/RiskAt80Cov": 0.026740947738289833, "test/cls/entropy": 0.6843686699867249, "test/ens_Disagreement": 0.0039524841122329235, "test/ens_Entropy": 0.6843082308769226, "test/ens_MI": 1.5535597412963398e-05}], "new_acutemi": [{"test/cal/ECE": 0.3373189866542816, "test/cal/aECE": 0.33731889724731445, "test/cls/Acc": 0.8946873545646667, "test/cls/Brier": 0.4125637114048004, "test/cls/NLL": 0.6049305200576782, "test/sc/AUGRC": 0.040098171681165695, "test/sc/AURC": 0.06992711126804352, "test/sc/CovAt5Risk": NaN, "test/sc/RiskAt80Cov": 0.0881316065788269, "test/cls/entropy": 0.6847091913223267, "test/ens_Disagreement": 0.004098973702639341, "test/ens_Entropy": 0.6843801736831665, "test/ens_MI": 1.56482001330005e-05}], "lab_thrombocytopenia": [{"test/cal/ECE": 0.28225985169410706, "test/cal/aECE": 0.28226038813591003, "test/cls/Acc": 0.39154744148254395, "test/cls/Brier": 0.6276326775550842, "test/cls/NLL": 0.8360092639923096, "test/sc/AUGRC": 0.2848702669143677, "test/sc/AURC": 0.5191418528556824, "test/sc/CovAt5Risk": NaN, "test/sc/RiskAt80Cov": 0.6071087718009949, "test/cls/entropy": 0.6074538230895996, "test/ens_Disagreement": 0.3635857105255127, "test/ens_Entropy": 0.4669423997402191, "test/ens_MI": 0.14051136374473572}], "lab_hyperkalemia": [{"test/cal/ECE": 0.47249236702919006, "test/cal/aECE": 0.47249215841293335, "test/cls/Acc": 0.15820150077342987, "test/cls/Brier": 0.7719153165817261, "test/cls/NLL": 0.9888045787811279, "test/sc/AUGRC": 0.4602492153644562, "test/sc/AURC": 0.9419732689857483, "test/sc/CovAt5Risk": NaN, "test/sc/RiskAt80Cov": 0.9039726853370667, "test/cls/entropy": 0.6418735384941101, "test/ens_Disagreement": 0.3919634222984314, "test/ens_Entropy": 0.48374035954475403, "test/ens_MI": 0.14197246730327606}], "lab_hyponatremia": [{"test/cal/ECE": 0.3304894268512726, "test/cal/aECE": 0.3304904103279114, "test/cls/Acc": 0.33593422174453735, "test/cls/Brier": 0.6843941807746887, "test/cls/NLL": 0.9033317565917969, "test/sc/AUGRC": 0.3325127065181732, "test/sc/AURC": 0.6583355069160461, "test/sc/CovAt5Risk": NaN, "test/sc/RiskAt80Cov": 0.6751394271850586, "test/cls/entropy": 0.6138545274734497, "test/ens_Disagreement": 0.38548171520233154, "test/ens_Entropy": 0.479102224111557, "test/ens_MI": 0.14236028492450714}], "lab_anemia": [{"test/cal/ECE": 0.12231845408678055, "test/cal/aECE": 0.12248274683952332, "test/cls/Acc": 0.7058550715446472, "test/cls/Brier": 0.3374636471271515, "test/cls/NLL": 0.5038435459136963, "test/sc/AUGRC": 0.07870995253324509, "test/sc/AURC": 0.10852422565221786, "test/sc/CovAt5Risk": NaN, "test/sc/RiskAt80Cov": 0.20092855393886566, "test/cls/entropy": 0.5373411774635315, "test/ens_Disagreement": 0.35985708236694336, "test/ens_Entropy": 0.46124500036239624, "test/ens_MI": 0.14026470482349396}], "lab_hypoglycemia": [{"test/cal/ECE": 0.40203383564949036, "test/cal/aECE": 0.40203264355659485, "test/cls/Acc": 0.19921843707561493, "test/cls/Brier": 0.6934962272644043, "test/cls/NLL": 0.8992927074432373, "test/sc/AUGRC": 0.4420032501220703, "test/sc/AURC": 0.9161989688873291, "test/sc/CovAt5Risk": NaN, "test/sc/RiskAt80Cov": 0.8567522168159485, "test/cls/entropy": 0.660252571105957, "test/ens_Disagreement": 0.38620659708976746, "test/ens_Entropy": 0.4765929579734802, "test/ens_MI": 0.1420038789510727}]}