{"guo_los": [{"test/cal/ECE": 0.09943832457065582, "test/cal/aECE": 0.09795401245355606, "test/cls/Acc": 0.7749430537223816, "test/cls/Brier": 0.32034480571746826, "test/cls/NLL": 0.5261610746383667, "test/sc/AUGRC": 0.06605570018291473, "test/sc/AURC": 0.0924006924033165, "test/sc/CovAt5Risk": NaN, "test/sc/RiskAt80Cov": 0.16400910913944244, "test/cls/entropy": 0.283678263425827, "test/ens_Disagreement": 0.08063780516386032, "test/ens_Entropy": 0.2621389627456665, "test/ens_MI": 0.021539272740483284}], "guo_readmission": [{"test/cal/ECE": 0.06364113092422485, "test/cal/aECE": 0.06311687082052231, "test/cls/Acc": 0.8529008626937866, "test/cls/Brier": 0.2220785766839981, "test/cls/NLL": 0.41223883628845215, "test/sc/AUGRC": 0.036468904465436935, "test/sc/AURC": 0.05172732099890709, "test/sc/CovAt5Risk": 0.5760620832443237, "test/sc/RiskAt80Cov": 0.08504566550254822, "test/cls/entropy": 0.1944636106491089, "test/ens_Disagreement": 0.055915940552949905, "test/ens_Entropy": 0.17680270969867706, "test/ens_MI": 0.01766088232398033}], "guo_icu": [{"test/cal/ECE": 0.0330425426363945, "test/cal/aECE": 0.029090726748108864, "test/cls/Acc": 0.9455081224441528, "test/cls/Brier": 0.09089887887239456, "test/cls/NLL": 0.20384281873703003, "test/sc/AUGRC": 0.008262298069894314, "test/sc/AURC": 0.010351842269301414, "test/sc/CovAt5Risk": 0.9896907210350037, "test/sc/RiskAt80Cov": 0.01779141090810299, "test/cls/entropy": 0.0634378120303154, "test/ens_Disagreement": 0.012665685266256332, "test/ens_Entropy": 0.05957268923521042, "test/ens_MI": 0.003865120466798544}]}