{"guo_los": [{"test/cal/ECE": 0.10285300016403198, "test/cal/aECE": 0.09954403340816498, "test/cls/Acc": 0.7854214310646057, "test/cls/Brier": 0.3217475116252899, "test/cls/NLL": 0.5942076444625854, "test/sc/AUGRC": 0.06662537902593613, "test/sc/AURC": 0.09858623147010803, "test/sc/CovAt5Risk": NaN, "test/sc/RiskAt80Cov": 0.16230067610740662, "test/cls/entropy": 0.2544362545013428, "test/ens_Disagreement": 0.12291570007801056, "test/ens_Entropy": 0.19257521629333496, "test/ens_MI": 0.061861034482717514}], "guo_readmission": [{"test/cal/ECE": 0.07588839530944824, "test/cal/aECE": 0.07248623669147491, "test/cls/Acc": 0.8720877170562744, "test/cls/Brier": 0.21334438025951385, "test/cls/NLL": 0.4799403250217438, "test/sc/AUGRC": 0.03411272540688515, "test/sc/AURC": 0.05142194777727127, "test/sc/CovAt5Risk": 0.6007308959960938, "test/sc/RiskAt80Cov": 0.07876712083816528, "test/cls/entropy": 0.1367439478635788, "test/ens_Disagreement": 0.08836677670478821, "test/ens_Entropy": 0.14871127903461456, "test/ens_MI": 0.046959370374679565}], "guo_icu": [{"test/cal/ECE": 0.03245505690574646, "test/cal/aECE": 0.027296286076307297, "test/cls/Acc": 0.9602356553077698, "test/cls/Brier": 0.07257372885942459, "test/cls/NLL": 0.2175956517457962, "test/sc/AUGRC": 0.008162474259734154, "test/sc/AURC": 0.011679401621222496, "test/sc/CovAt5Risk": 1.0, "test/sc/RiskAt80Cov": 0.01779141090810299, "test/cls/entropy": 0.03618929907679558, "test/ens_Disagreement": 0.06341691315174103, "test/ens_Entropy": 0.1105029284954071, "test/ens_MI": 0.034573812037706375}], "new_hypertension": [{"test/cal/ECE": 0.07490730285644531, "test/cal/aECE": 0.06774131953716278, "test/cls/Acc": 0.8545309901237488, "test/cls/Brier": 0.24172653257846832, "test/cls/NLL": 0.46624955534935, "test/sc/AUGRC": 0.049928031861782074, "test/sc/AURC": 0.08816985785961151, "test/sc/CovAt5Risk": NaN, "test/sc/RiskAt80Cov": 0.11221449822187424, "test/cls/entropy": 0.22720664739608765, "test/ens_Disagreement": 0.055166926234960556, "test/ens_Entropy": 0.1955089569091797, "test/ens_MI": 0.03169769048690796}], "new_hyperlipidemia": [{"test/cal/ECE": 0.07626128941774368, "test/cal/aECE": 0.07271386682987213, "test/cls/Acc": 0.8534548282623291, "test/cls/Brier": 0.2474191039800644, "test/cls/NLL": 0.5244074463844299, "test/sc/AUGRC": 0.056243397295475006, "test/sc/AURC": 0.10666695237159729, "test/sc/CovAt5Risk": NaN, "test/sc/RiskAt80Cov": 0.11290322244167328, "test/cls/entropy": 0.20014695823192596, "test/ens_Disagreement": 0.04862135648727417, "test/ens_Entropy": 0.18536202609539032, "test/ens_MI": 0.028004752472043037}], "new_pancan": [{"test/cal/ECE": 0.015700500458478928, "test/cal/aECE": 0.015495961531996727, "test/cls/Acc": 0.9756757020950317, "test/cls/Brier": 0.04498519003391266, "test/cls/NLL": 0.10575079172849655, "test/sc/AUGRC": 0.005414742510765791, "test/sc/AURC": 0.008556423708796501, "test/sc/CovAt5Risk": 1.0, "test/sc/RiskAt80Cov": 0.012387387454509735, "test/cls/entropy": 0.09045953303575516, "test/ens_Disagreement": 0.03274243697524071, "test/ens_Entropy": 0.13571888208389282, "test/ens_MI": 0.020744020119309425}], "new_celiac": [{"test/cal/ECE": 0.005451219622045755, "test/cal/aECE": 0.014581508003175259, "test/cls/Acc": 0.9900990128517151, "test/cls/Brier": 0.0204743891954422, "test/cls/NLL": 0.06604210287332535, "test/sc/AUGRC": 0.004269246943295002, "test/sc/AURC": 0.006834014784544706, "test/sc/CovAt5Risk": 1.0, "test/sc/RiskAt80Cov": 0.008998875506222248, "test/cls/entropy": 0.056853678077459335, "test/ens_Disagreement": 0.02254524640738964, "test/ens_Entropy": 0.10909456014633179, "test/ens_MI": 0.015826135873794556}], "new_lupus": [{"test/cal/ECE": 0.017868097871541977, "test/cal/aECE": 0.0230331402271986, "test/cls/Acc": 0.9910833835601807, "test/cls/Brier": 0.024123841896653175, "test/cls/NLL": 0.0685005784034729, "test/sc/AUGRC": 0.003307743463665247, "test/sc/AURC": 0.005328421480953693, "test/sc/CovAt5Risk": 1.0, "test/sc/RiskAt80Cov": 0.008356546051800251, "test/cls/entropy": 0.09129546582698822, "test/ens_Disagreement": 0.01801295205950737, "test/ens_Entropy": 0.10230584442615509, "test/ens_MI": 0.014470003545284271}], "new_acutemi": [{"test/cal/ECE": 0.03915322944521904, "test/cal/aECE": 0.03930535912513733, "test/cls/Acc": 0.9308885931968689, "test/cls/Brier": 0.1281997412443161, "test/cls/NLL": 0.2800130844116211, "test/sc/AUGRC": 0.022996122017502785, "test/sc/AURC": 0.03797542676329613, "test/sc/CovAt5Risk": 0.8199341893196106, "test/sc/RiskAt80Cov": 0.04994124546647072, "test/cls/entropy": 0.13652877509593964, "test/ens_Disagreement": 0.018442079424858093, "test/ens_Entropy": 0.10576514154672623, "test/ens_MI": 0.014700394123792648}], "lab_thrombocytopenia": [{"test/cal/ECE": 0.03583034127950668, "test/cal/aECE": 0.03547325357794762, "test/cls/Acc": 0.7936561703681946, "test/cls/Brier": 0.2963554263114929, "test/cls/NLL": 0.4690166711807251, "test/sc/AUGRC": 0.06631206721067429, "test/sc/AURC": 0.10380266606807709, "test/sc/CovAt5Risk": NaN, "test/sc/RiskAt80Cov": 0.15417896211147308, "test/cls/entropy": 0.38211891055107117, "test/ens_Disagreement": 0.1266995519399643, "test/ens_Entropy": 0.33303308486938477, "test/ens_MI": 0.04908604547381401}], "lab_hyperkalemia": [{"test/cal/ECE": 0.007483982481062412, "test/cal/aECE": 0.0072869667783379555, "test/cls/Acc": 0.9753821492195129, "test/cls/Brier": 0.0465162955224514, "test/cls/NLL": 0.10890518873929977, "test/sc/AUGRC": 0.006489260587841272, "test/sc/AURC": 0.010680245235562325, "test/sc/CovAt5Risk": 1.0, "test/sc/RiskAt80Cov": 0.014099719002842903, "test/cls/entropy": 0.07940424978733063, "test/ens_Disagreement": 0.06060609221458435, "test/ens_Entropy": 0.1943831890821457, "test/ens_MI": 0.027151310816407204}], "lab_hyponatremia": [{"test/cal/ECE": 0.04700091853737831, "test/cal/aECE": 0.04783035069704056, "test/cls/Acc": 0.7417049407958984, "test/cls/Brier": 0.3564264178276062, "test/cls/NLL": 0.5430129766464233, "test/sc/AUGRC": 0.09259036928415298, "test/sc/AURC": 0.1494719386100769, "test/sc/CovAt5Risk": NaN, "test/sc/RiskAt80Cov": 0.21287506818771362, "test/cls/entropy": 0.4464534521102905, "test/ens_Disagreement": 0.09055755287408829, "test/ens_Entropy": 0.2688119411468506, "test/ens_MI": 0.03333393856883049}], "lab_anemia": [{"test/cal/ECE": 0.010595527477562428, "test/cal/aECE": 0.010628064163029194, "test/cls/Acc": 0.8981171250343323, "test/cls/Brier": 0.14715009927749634, "test/cls/NLL": 0.24132278561592102, "test/sc/AUGRC": 0.017534291371703148, "test/sc/AURC": 0.021730227395892143, "test/sc/CovAt5Risk": 0.8392055630683899, "test/sc/RiskAt80Cov": 0.04154844954609871, "test/cls/entropy": 0.21908196806907654, "test/ens_Disagreement": 0.0825161412358284, "test/ens_Entropy": 0.25144872069358826, "test/ens_MI": 0.03099474124610424}], "lab_hypoglycemia": [{"test/cal/ECE": 0.004133633803576231, "test/cal/aECE": 0.004470176063477993, "test/cls/Acc": 0.986387312412262, "test/cls/Brier": 0.026593269780278206, "test/cls/NLL": 0.07051648944616318, "test/sc/AUGRC": 0.0037661800161004066, "test/sc/AURC": 0.006204493809491396, "test/sc/CovAt5Risk": 1.0, "test/sc/RiskAt80Cov": 0.008302778005599976, "test/cls/entropy": 0.050741516053676605, "test/ens_Disagreement": 0.058698270469903946, "test/ens_Entropy": 0.19154928624629974, "test/ens_MI": 0.023497669026255608}]}